userId|open|cons|extra|agree|neuro
1|6.3271999999999995|5.5666|5.636|5.8108|4.588100000000001
2|6.400600000000001|5.5189|5.622|5.7943|4.6188
3|6.6434999999999995|5.6099|5.688|5.8187|4.5011
4|6.6003|5.7005|5.7221|5.9018999999999995|4.486
5|6.5036000000000005|5.5428999999999995|5.651000000000001|5.827100000000001|4.5919
6|6.4359|5.6584|5.6965|5.9001|4.5454
7|6.4723|5.6101|5.6812|5.868|4.5754
8|6.425|5.6661|5.6833|5.8736999999999995|4.563
9|6.473899999999999|5.5803|5.6643|5.8308|4.563100000000001
10|6.3786|5.6099|5.674799999999999|5.8927|4.5958
11|6.4677|5.516800000000001|5.6126|5.7491|4.626799999999999
12|6.4988|5.636899999999999|5.687399999999999|5.858300000000001|4.5308
13|6.5541|5.623|5.6972000000000005|5.8719|4.505
14|6.4198|5.5524|5.661899999999999|5.8622|4.6087
15|6.448|5.565600000000001|5.665|5.8612|4.583600000000001
16|6.4168|5.5672|5.6658|5.875500000000001|4.5987
17|6.503299999999999|5.682|5.7021|5.865|4.4882
18|5.3302|4.61|5.1717|5.334|5.3637999999999995
19|6.547|5.611699999999999|5.693899999999999|5.8548|4.5193
20|6.4105|5.6638|5.6915000000000004|5.907299999999999|4.5600000000000005
21|6.4974|5.5777|5.657399999999999|5.8108|4.5854
22|6.442899999999999|5.5972|5.6775|5.8965|4.6192
23|6.4249|5.6435|5.6671000000000005|5.8414|4.5906
24|6.448|5.5186|5.6297|5.787|4.6457
25|6.4894|5.5619|5.6583000000000006|5.7877|4.5764
26|6.4974|5.5596|5.6484000000000005|5.8153|4.596
27|6.5093|5.6162|5.6747000000000005|5.834099999999999|4.5337
28|6.4941|5.5863000000000005|5.673|5.847799999999999|4.5333000000000006
29|6.512700000000001|5.5904|5.6655|5.8260000000000005|4.5612
30|6.4511|5.5366|5.6423000000000005|5.8042|4.6032
31|6.4325|5.5728|5.6427|5.783899999999999|4.5925
32|6.3795|5.532500000000001|5.6345|5.8168|4.6433
33|6.4548000000000005|5.5571|5.6779|5.8732|4.5641
34|6.5625|5.6176|5.6698|5.8058|4.547
35|6.435|5.542600000000001|5.6418|5.8172999999999995|4.617600000000001
36|6.4984|5.5885|5.6732|5.845899999999999|4.5567
37|6.484|5.599499999999999|5.6835|5.8685|4.5411
38|6.5298|5.7247|5.717300000000001|5.897100000000001|4.4559
39|6.4847|5.569100000000001|5.6636999999999995|5.853000000000001|4.5982
40|6.3742|5.707|5.6778|5.9039|4.5813
41|6.460600000000001|5.6533|5.6923|5.9024|4.5483
42|6.4173|5.596800000000001|5.676100000000001|5.8713999999999995|4.5541
43|6.444800000000001|5.562199999999999|5.6478|5.8203000000000005|4.6125
44|6.426699999999999|5.635399999999999|5.6812|5.870100000000001|4.5541
45|6.5108999999999995|5.5914|5.683|5.8842|4.5753
46|6.4949|5.668100000000001|5.7109|5.9143|4.5087
47|6.3634|5.6082|5.6784|5.9075|4.6306
48|6.427199999999999|5.5374|5.6611|5.8561000000000005|4.6018
49|6.523|5.4881|5.598800000000001|5.683600000000001|4.6402
50|6.4597|5.563000000000001|5.6733|5.8472|4.5767999999999995
51|6.5078000000000005|5.522100000000001|5.6358999999999995|5.7713|4.5949
52|6.4483999999999995|5.5967|5.665|5.831300000000001|4.575
53|6.453399999999999|5.5801|5.646|5.7697|4.572100000000001
54|6.576499999999999|5.6013|5.6772|5.826600000000001|4.5392
55|6.3733|5.4347|5.586899999999999|5.7091|4.6821
56|6.4354|5.5743|5.648300000000001|5.802300000000001|4.5895
57|6.2981|5.5165|5.613|5.794699999999999|4.6674
58|6.5118|5.6438|5.681699999999999|5.8558|4.528
59|6.4719999999999995|5.5442|5.6502|5.808999999999999|4.5845
60|6.410100000000001|5.583|5.6599|5.8262|4.6224
61|6.4525|5.5715|5.6473|5.7977|4.5966000000000005
62|6.3959|5.573100000000001|5.6596|5.8652999999999995|4.6215
63|6.4396|5.631399999999999|5.673399999999999|5.8758|4.587
64|6.4959999999999996|5.6427|5.6708|5.835600000000001|4.5315
65|6.471|5.6339|5.6866|5.8662|4.5479
66|6.4954|5.598800000000001|5.6697|5.8412|4.5388
67|6.4321|5.6142|5.678800000000001|5.8936|4.5811
68|6.4074|5.6074|5.6392|5.8383|4.6353
69|6.478000000000001|5.5889999999999995|5.6873000000000005|5.8873999999999995|4.5649
70|6.481399999999999|5.6779|5.711500000000001|5.91|4.5181
71|6.6015|5.6615|5.693099999999999|5.8229|4.5056
72|6.4459|5.5741000000000005|5.666|5.868399999999999|4.593999999999999
73|6.4137|5.5404|5.6499|5.845000000000001|4.6324
74|6.4944999999999995|5.606|5.678|5.8466000000000005|4.5334
75|6.4087|5.5342|5.634399999999999|5.8257|4.6508
76|6.4478|5.699199999999999|5.6957|5.9136|4.5248
77|6.3972|5.5367|5.6475|5.8378|4.6256
78|6.4913|5.675600000000001|5.697|5.8796|4.5294
79|6.4415|5.558800000000001|5.6543|5.8466000000000005|4.6317
80|6.5088|5.6596|5.716799999999999|5.906600000000001|4.497999999999999
81|6.3427|5.6279|5.678100000000001|5.8919|4.6101
82|6.452299999999999|5.5713|5.6667000000000005|5.8741|4.6027000000000005
83|6.5441|5.673399999999999|5.695899999999999|5.858600000000001|4.4982
84|6.4791|5.633|5.6813|5.8443000000000005|4.5253
85|6.4588|5.6103000000000005|5.6805|5.8453|4.5596
86|6.339199999999999|5.5114|5.6152999999999995|5.8038|4.6624
87|6.4642|5.5889999999999995|5.6726|5.847100000000001|4.5605
88|6.521600000000001|5.6073|5.684200000000001|5.8681|4.542100000000001
89|6.4748|5.6342|5.6847|5.866100000000001|4.557300000000001
90|6.4689|5.5009|5.6096|5.715399999999999|4.6362
91|6.4697|5.6079|5.660500000000001|5.8007|4.5546
92|6.461|5.599600000000001|5.6701999999999995|5.844899999999999|4.5824
93|6.328600000000001|5.5203999999999995|5.6327|5.836|4.6622
94|6.302|5.4971000000000005|5.6106|5.8272|4.7261
95|6.3492999999999995|5.550800000000001|5.638300000000001|5.8325000000000005|4.662600000000001
96|6.3349|5.5518|5.656499999999999|5.908899999999999|4.6623
97|6.518000000000001|5.514600000000001|5.6216|5.7587|4.6302
98|6.3936|5.5662|5.670000000000001|5.8802|4.6422
99|6.4935|5.568|5.6731|5.838800000000001|4.5799
100|6.551|5.5512|5.6507|5.771800000000001|4.5578
101|6.5383000000000004|5.5825000000000005|5.6667000000000005|5.8065|4.5424999999999995
102|6.480899999999999|5.6358999999999995|5.7094000000000005|5.8953|4.583
103|6.400100000000001|5.584899999999999|5.663100000000001|5.8739|4.6212
104|6.4841999999999995|5.559500000000001|5.6591000000000005|5.8237|4.5738
105|6.5649|5.6372|5.6818|5.826899999999999|4.5197
106|6.4856|5.5884|5.6705000000000005|5.833399999999999|4.5745000000000005
107|6.4654|5.633|5.6854|5.8609|4.5282
108|6.438000000000001|5.6564|5.6896|5.8692|4.5424999999999995
109|6.4431|5.5423|5.6353|5.8020000000000005|4.6259
110|6.4672|5.6202|5.6906|5.8902|4.5651
111|6.3575|5.472899999999999|5.601699999999999|5.764199999999999|4.6879
112|6.428699999999999|5.6652000000000005|5.694|5.9087|4.5702
113|6.3912|5.594200000000001|5.6771|5.8919|4.592
114|6.4417|5.5913|5.6511|5.8082|4.602399999999999
115|6.4855|5.6015999999999995|5.686100000000001|5.878100000000001|4.541
116|6.560600000000001|5.5915|5.6752|5.8202|4.5375
117|6.4952|5.5897|5.6621999999999995|5.8175|4.5625
118|6.5971|5.6379|5.7058|5.8509|4.4823
119|6.415800000000001|5.580699999999999|5.6613999999999995|5.854600000000001|4.5988
120|6.4398|5.5252|5.6202|5.7547999999999995|4.6446
121|6.496499999999999|5.617800000000001|5.6807|5.8652|4.5309
122|6.5856|5.6381000000000006|5.7084|5.893000000000001|4.4935
123|6.4998000000000005|5.6015999999999995|5.6947|5.9045000000000005|4.5322000000000005
124|6.370899999999999|5.5562000000000005|5.6677|5.896100000000001|4.6384
125|6.6074|5.611000000000001|5.6907|5.8167|4.4932
126|6.4346000000000005|5.722|5.7281|5.9536999999999995|4.4948
127|6.4081|5.6934|5.6274999999999995|5.796200000000001|4.6369
128|6.3381|5.5817|5.6589|5.8906|4.6673
129|6.4891|5.5356000000000005|5.6076999999999995|5.720000000000001|4.5938
130|6.430100000000001|5.554100000000001|5.6452|5.8238|4.613600000000001
131|6.4055|5.5777|5.636100000000001|5.815|4.619
132|6.451899999999999|5.6177|5.6736|5.8469999999999995|4.545100000000001
133|6.4688|5.592600000000001|5.652699999999999|5.802199999999999|4.5862
134|6.480899999999999|5.6011|5.6591000000000005|5.8020000000000005|4.5512999999999995
135|6.4254|5.5835|5.6665|5.8519|4.5753
136|6.3991999999999996|5.5752999999999995|5.6518|5.8535|4.6192
137|6.4705|5.5672|5.667999999999999|5.8454|4.5804
138|6.5381|5.7191|5.7346|5.9136|4.4544
139|6.385999999999999|5.5361|5.635399999999999|5.8375|4.6596
140|6.4554|5.646899999999999|5.6933|5.9192|4.588600000000001
141|6.4515|5.596|5.6736|5.8575|4.5859
142|6.4275|5.5702|5.648300000000001|5.8502|4.612299999999999
143|6.432899999999999|5.612|5.6738|5.8608|4.6033
144|6.2917000000000005|5.5457|5.6328|5.8739|4.7075
145|5.2549|4.5613|5.100600000000001|5.2168|5.4414
146|6.4088|5.642399999999999|5.6731|5.8451|4.6504
147|6.4018999999999995|5.554100000000001|5.655399999999999|5.851800000000001|4.617
148|6.4334999999999996|5.5775|5.675600000000001|5.882|4.6008
149|6.5428|5.6506|5.6935|5.8685|4.5245
150|6.501399999999999|5.6182|5.676|5.8414|4.5586
151|6.457199999999999|5.6599|5.6962|5.882899999999999|4.549
152|6.3508|5.5481|5.652|5.8896999999999995|4.6663
153|6.452|5.605|5.6509|5.833500000000001|4.5796
154|6.3849|5.5722|5.6530000000000005|5.840199999999999|4.6005
155|6.506600000000001|5.633600000000001|5.6879|5.8527|4.527100000000001
156|6.494300000000001|5.6449|5.682|5.8527|4.5487
157|6.5892|5.581|5.6445|5.8006|4.545300000000001
158|6.299600000000001|5.5113|5.613199999999999|5.8345|4.724
159|4.2623|3.8122|4.6915000000000004|4.8284|6.1205
160|6.489000000000001|5.5404|5.6342|5.767600000000001|4.5258
161|6.4278|5.584|5.645600000000001|5.8283000000000005|4.6163
162|6.3295|5.4209|5.5673|5.728400000000001|4.7598
163|6.4296999999999995|5.5646|5.6473|5.8328999999999995|4.6175
164|6.3762|5.5184999999999995|5.633|5.816600000000001|4.6639
165|6.5593|5.7221|5.732|5.9258999999999995|4.4415
166|6.407500000000001|5.626899999999999|5.6778|5.8831|4.5582
167|6.4618|5.5123|5.632099999999999|5.7958|4.6282
168|6.4681|5.566800000000001|5.6713000000000005|5.8617|4.5816
169|6.4568|5.5824|5.6701|5.861800000000001|4.5808
170|6.2966|5.601500000000001|5.6615|5.887700000000001|4.6404
171|6.569599999999999|5.5958|5.6779|5.8149|4.5203
172|6.5213|5.650500000000001|5.713600000000001|5.9126|4.5273
173|6.3665|5.613199999999999|5.638|5.8565000000000005|4.6456
174|6.4553|5.7156|5.703399999999999|5.8302|4.4115
175|6.3626000000000005|5.573|5.6623|5.8889|4.618
176|6.482100000000001|5.6021|5.666899999999999|5.8133|4.552
177|6.4209|5.5463000000000005|5.6563|5.838899999999999|4.6083
178|6.5318|5.6196|5.6752|5.8331|4.5672
179|6.5036000000000005|5.5746|5.6712|5.8372|4.5517
180|6.453600000000001|5.537800000000001|5.634899999999999|5.832000000000001|4.640000000000001
181|6.3545|5.7123|5.678100000000001|5.89|4.605
182|6.389399999999999|5.533899999999999|5.6479|5.8481000000000005|4.6278999999999995
183|6.571199999999999|5.6629|5.692|5.8568999999999996|4.487
184|6.4513|5.5335|5.6286000000000005|5.835600000000001|4.6612
185|6.500500000000001|5.6988|5.699800000000001|5.885|4.5115
186|6.427899999999999|5.5853|5.665100000000001|5.8436|4.5966000000000005
187|6.4527|5.5634|5.655|5.8196|4.5919
188|6.5945|5.643199999999999|5.6875|5.8502|4.5187
189|6.4444|5.7286|5.7035|5.9002|4.5568
190|6.4902999999999995|5.6114|5.673|5.8282|4.5440000000000005
191|6.4637|5.616399999999999|5.6823999999999995|5.852399999999999|4.5312
192|6.4091000000000005|5.5839|5.6719|5.874199999999999|4.5745000000000005
193|6.3884|5.5694|5.6525|5.8377|4.6175
194|6.5115|5.5923|5.6535|5.785|4.5724
195|6.393399999999999|5.6166|5.653199999999999|5.7859|4.5739
196|6.446899999999999|5.5706999999999995|5.654399999999999|5.8303|4.6033
197|6.3715|5.6334|5.6793000000000005|5.9129|4.5956
198|6.5217|5.614600000000001|5.684100000000001|5.852399999999999|4.5435
199|6.4578999999999995|5.564100000000001|5.6547|5.8087|4.5632
200|6.3876|5.5681|5.6712|5.901999999999999|4.623
201|6.5361|5.6396999999999995|5.705|5.885199999999999|4.5119
202|6.5473|5.6704|5.6979999999999995|5.866100000000001|4.5149
203|6.3949|5.501|5.653100000000001|5.833|4.6043
204|6.4858|5.5905000000000005|5.6731|5.8472|4.540100000000001
205|6.5001999999999995|5.573899999999999|5.6596|5.8407|4.5789
206|6.522399999999999|5.4835|5.603100000000001|5.693099999999999|4.6302
207|6.4367|5.585|5.6402|5.757399999999999|4.5786999999999995
208|6.5569|5.6624|5.714700000000001|5.9036|4.503
209|6.4871|5.6101|5.6758|5.8613|4.565799999999999
210|6.4474|5.525|5.637499999999999|5.7999|4.619400000000001
211|6.4241|5.6006|5.672699999999999|5.885600000000001|4.5691
212|6.479699999999999|5.6592|5.6962|5.8881000000000006|4.5294
213|6.3713|5.730499999999999|5.6753|5.9068|4.5813
214|6.4779|5.5793|5.653100000000001|5.7991|4.5575
215|6.5185|5.6581|5.6937999999999995|5.8911999999999995|4.5222
216|6.4811000000000005|5.5803|5.6726|5.843500000000001|4.5619
217|6.421100000000001|5.5089999999999995|5.645100000000001|5.8724|4.6479
218|6.3766|5.5305|5.632000000000001|5.7898000000000005|4.6437
219|6.448|5.6103000000000005|5.653199999999999|5.8094|4.5759
220|6.5482|5.6493|5.692399999999999|5.8451|4.51
221|6.509|5.5638|5.6610000000000005|5.8187|4.5689
222|6.4674|5.4784|5.6133999999999995|5.7735|4.6725
223|6.5152|5.674100000000001|5.716399999999999|5.9222|4.5169999999999995
224|6.5092|5.686999999999999|5.6867|5.827|4.4867
225|6.4966|5.562199999999999|5.6579|5.8012|4.5575
226|6.202100000000001|5.486300000000001|5.6053|5.855700000000001|4.7413
227|6.3088999999999995|5.5232|5.6194999999999995|5.8084999999999996|4.6772
228|6.423100000000001|5.568999999999999|5.655100000000001|5.8475|4.6115
229|6.524800000000001|5.571000000000001|5.6604|5.787899999999999|4.553
230|6.4822999999999995|5.5747|5.684|5.895600000000001|4.5729999999999995
231|6.556800000000001|5.673699999999999|5.714|5.8798|4.5203
232|6.4612|5.5913|5.6707|5.856399999999999|4.5559
233|6.4594|5.5991|5.6819|5.8892|4.5733
234|6.4449000000000005|5.6051|5.6668|5.8422|4.5786
235|6.446|5.5785|5.6838999999999995|5.8799|4.572600000000001
236|6.5443999999999996|5.5748|5.683199999999999|5.8601|4.5459
237|6.4183|5.5951|5.676899999999999|5.8914|4.5948
238|6.4356|5.5855|5.6823|5.8894|4.5869
239|6.3905|5.6728000000000005|5.6719|5.857|4.5907
240|6.352|5.5588999999999995|5.626899999999999|5.827|4.646100000000001
241|6.532|5.643600000000001|5.6785|5.8126|4.5200000000000005
242|6.421|5.5907|5.6709|5.8949|4.5894
243|6.569500000000001|5.9405|5.747800000000001|5.936|4.6737
244|6.6003|5.6263|5.7012|5.867899999999999|4.5259
245|6.4503|5.5783000000000005|5.6712|5.867|4.582
246|6.4427|5.5366|5.6522|5.8391|4.6113
247|6.480700000000001|5.6145|5.6736|5.8572999999999995|4.5737
248|6.533399999999999|5.5435|5.655100000000001|5.8165|4.6076000000000015
249|6.476699999999999|5.6263|5.684|5.8555|4.5561
250|6.4544|5.6000000000000005|5.6731|5.8636|4.581799999999999
251|6.585|5.6323|5.6868|5.7996|4.4643
252|6.5285|5.716899999999999|5.7185|5.9126|4.5061
253|6.469399999999999|5.5806000000000004|5.6552999999999995|5.8172999999999995|4.5772
254|6.4658999999999995|5.6197|5.6743999999999994|5.858499999999999|4.5777
255|6.3571|5.5847|5.6576|5.9062|4.6578
256|6.4549|5.7277000000000005|5.7247|5.916100000000001|4.4841
257|6.5877|5.5867|5.6697|5.809800000000001|4.5498
258|6.4541|5.5534|5.6514|5.8473|4.627600000000001
259|6.3756|5.535899999999999|5.644100000000001|5.8272|4.6216
260|6.3844|5.5966000000000005|5.641500000000001|5.807899999999999|4.5899
261|6.3664|5.577300000000001|5.6509|5.834199999999999|4.6224
262|6.488899999999999|5.6777|5.704700000000001|5.9082|4.5282
263|6.386699999999999|5.5791|5.6711|5.885600000000001|4.623
264|6.5373|5.569100000000001|5.6934|5.8893|4.5395
265|6.5168|5.6204|5.6896|5.8645000000000005|4.531600000000001
266|6.418699999999999|5.585100000000001|5.674200000000001|5.8855|4.592100000000001
267|6.4227|5.5023|5.630699999999999|5.818399999999999|4.640000000000001
268|6.398000000000001|5.427999999999999|5.5693|5.699999999999999|4.7459
269|6.4575000000000005|5.5993|5.683|5.8728|4.5507
270|6.438699999999999|5.5695|5.669|5.8743|4.5856
271|6.530899999999999|5.6657|5.698300000000001|5.8469999999999995|4.5099
272|6.385300000000001|5.5592|5.6506|5.866600000000001|4.6257
273|6.4270000000000005|5.6743|5.6943|5.9082|4.5404
274|6.4405|5.514|5.6297|5.793699999999999|4.6314
275|6.4339|5.547300000000001|5.634100000000001|5.7655|4.6053
276|6.400100000000001|5.6411999999999995|5.7134|5.9543|4.5553
277|6.4913|5.644100000000001|5.6881|5.8487|4.5265
278|6.4761999999999995|5.5886000000000005|5.665|5.826700000000001|4.5649
279|6.473|5.5856|5.6712|5.8523000000000005|4.5845
280|6.4961|5.625100000000001|5.6779|5.8233|4.5348
281|6.508000000000001|5.6287|5.6786|5.831499999999999|4.5204
282|6.4055|5.6475|5.6785|5.885699999999999|4.6051
283|6.377000000000001|5.532|5.6446000000000005|5.8499|4.651199999999999
284|6.459099999999999|5.553100000000001|5.6384|5.7639|4.5933
285|6.4304|5.5225|5.641500000000001|5.811|4.632899999999999
286|6.396699999999999|5.5914|5.661199999999999|5.859100000000001|4.5950999999999995
287|6.3858999999999995|5.4771|5.6256|5.825100000000001|4.6688
288|6.45|5.5985|5.6789000000000005|5.905100000000001|4.5912
289|6.3847|5.5071|5.6226|5.7896|4.6673
290|6.443|5.6121|5.6884|5.9024|4.5959
291|6.4639999999999995|5.6508|5.7023|5.9023|4.5275
292|6.3712|5.549300000000001|5.6592|5.8757|4.638
293|6.526300000000001|5.6204|5.6972000000000005|5.852|4.5162
294|6.6017|5.669|5.6958|5.845899999999999|4.5099
295|6.5035|5.625|5.674100000000001|5.8508000000000004|4.5575
296|6.628500000000001|5.6988|5.708|5.8515|4.5085999999999995
297|6.435300000000001|5.5408|5.655399999999999|5.856|4.6139
298|6.421799999999999|5.539|5.6533|5.8504000000000005|4.609500000000001
299|6.2492|5.713699999999999|5.6794|5.8643|4.593600000000001
300|6.3225|5.611199999999999|5.672199999999999|5.885199999999999|4.6305000000000005
301|6.3346|5.5555|5.6448|5.8481000000000005|4.6406
302|6.5781|5.5701|5.6187|5.608|4.412
303|6.3639|5.5404|5.6396|5.8535|4.6642
304|6.457000000000001|5.655200000000001|5.694600000000001|5.889600000000001|4.5512999999999995
305|6.518800000000001|5.5777|5.6733|5.8318|4.5745000000000005
306|6.5725|5.6133999999999995|5.6829|5.8244|4.522600000000001
307|6.4944999999999995|5.5615000000000006|5.646800000000001|5.8014|4.5825
308|6.422600000000001|5.5281|5.6425|5.815600000000001|4.617
309|6.490600000000001|5.5889999999999995|5.6716999999999995|5.8601|4.5855
310|6.558199999999999|5.599600000000001|5.6930000000000005|5.8677|4.5465
311|6.5171|5.6453999999999995|5.6906|5.899800000000001|4.558100000000001
312|6.682100000000001|5.603899999999999|5.6715|5.7553|4.5038
313|6.477399999999999|5.5566|5.6623|5.866600000000001|4.6007
314|6.4451|5.6086|5.6662|5.838100000000001|4.5390999999999995
315|6.4649|5.537999999999999|5.638999999999999|5.7744|4.6072999999999995
316|6.4061|5.6283|5.6689|5.8608|4.6106
317|6.5015|5.542|5.6704|5.8317|4.567600000000001
318|6.328|5.612399999999999|5.6568000000000005|5.870000000000001|4.6361
319|6.471299999999999|5.5716|5.6602|5.8149|4.5705
320|6.4495000000000005|5.6886|5.703399999999999|5.9003000000000005|4.5251
321|6.5408|5.5459|5.6538|5.7716|4.5622
322|6.5725|5.5701|5.6530000000000005|5.779|4.5501000000000005
323|6.4074|5.6109|5.6828|5.9277|4.5873
324|6.570600000000001|5.575899999999999|5.6576|5.790100000000001|4.5488
325|6.4438|5.6114|5.6623|5.8663|4.627
326|6.421200000000001|5.508100000000001|5.625399999999999|5.796799999999999|4.6651
327|6.4716000000000005|5.5825000000000005|5.646399999999999|5.789499999999999|4.565
328|6.5927999999999995|5.634399999999999|5.6929|5.870800000000001|4.5169
329|6.481|5.528300000000001|5.6522|5.819100000000001|4.591
330|6.533399999999999|5.6576|5.695600000000001|5.878899999999999|4.5339
331|6.3822|5.518800000000001|5.644299999999999|5.855100000000001|4.640000000000001
332|6.4405|5.6535|5.6975|5.930999999999999|4.5342
333|6.4787|5.562600000000001|5.6343|5.758900000000001|4.6102
334|6.660699999999999|5.7531|5.7508|5.9152|4.4295
335|6.559699999999999|5.5879|5.6546|5.765700000000001|4.5485
336|6.4071|5.6129|5.6811|5.8785|4.5748
337|6.484100000000001|5.6081|5.6834|5.8746|4.5551
338|6.343300000000001|5.6705000000000005|5.6791|5.9199|4.5717
339|6.319|5.4935|5.594200000000001|5.8245000000000005|4.7485
340|6.5193|5.5966000000000005|5.6707|5.8197|4.5584999999999996
341|6.567699999999999|5.592699999999999|5.667399999999999|5.806899999999999|4.5657
342|6.4529|5.6452|5.6831|5.876799999999999|4.5753
343|6.524800000000001|5.6152999999999995|5.6838|5.838800000000001|4.508900000000001
344|6.433999999999999|5.6517|5.6944|5.9126|4.5623000000000005
345|6.530600000000001|5.5316|5.6518999999999995|5.794600000000001|4.5772
346|6.4758000000000004|5.522399999999999|5.6427|5.8134|4.6122000000000005
347|6.5278|5.6662|5.7026|5.8687000000000005|4.5043
348|6.4845|5.6202|5.6916|5.882300000000001|4.5389
349|6.402|5.5779|5.670000000000001|5.8801000000000005|4.5992
350|6.581600000000001|5.697|5.693199999999999|5.8232|4.486
351|6.373100000000001|5.559500000000001|5.6499|5.8275|4.6142
352|6.513800000000001|5.606300000000001|5.691000000000001|5.872000000000001|4.550300000000001
353|6.4608|5.624899999999999|5.6743999999999994|5.834199999999999|4.5557
354|6.5137|5.6111|5.684100000000001|5.8318|4.5177
355|6.5113|5.6306|5.692500000000001|5.875500000000001|4.526600000000001
356|6.4458|5.5918|5.6698|5.840800000000001|4.5729
357|6.5386999999999995|5.6408000000000005|5.691699999999999|5.8244|4.4959
358|6.4735|5.6176|5.693199999999999|5.8870000000000005|4.5
359|6.3971|5.5466999999999995|5.6108|5.7704|4.6533999999999995
360|6.5369|5.587|5.6845|5.8652|4.5429
361|6.5394|5.6552999999999995|5.686999999999999|5.8267999999999995|4.5495
362|6.431399999999999|5.5913|5.6693999999999996|5.8118|4.581
363|6.5052|5.5484|5.6428|5.813899999999999|4.5939000000000005
364|6.3983|5.5191|5.6358|5.828600000000001|4.6332
365|6.452999999999999|5.5741000000000005|5.6482|5.8018|4.5989
366|6.4422999999999995|5.5442|5.6624|5.8637|4.5941
367|6.397500000000001|5.6167|5.668699999999999|5.855899999999999|4.5867
368|6.3603|5.588800000000001|5.663600000000001|5.8816999999999995|4.6168
369|6.5351|5.6398|5.691699999999999|5.8607|4.5298
370|6.502600000000001|5.5786999999999995|5.6644|5.821199999999999|4.5534
371|6.482799999999999|5.564100000000001|5.6572|5.8177|4.6004000000000005
372|6.5009|5.686399999999999|5.7096|5.8797|4.4917
373|6.543|5.680199999999999|5.7216000000000005|5.911|4.4782
374|6.5408|5.6433|5.6966|5.8657|4.5287
375|6.4055|5.5605|5.672199999999999|5.8914|4.6014
376|6.488899999999999|5.5716|5.6615|5.8101|4.5678
377|6.4526|5.540699999999999|5.657|5.8588000000000005|4.6109
378|6.4437|5.566800000000001|5.652699999999999|5.8391|4.582800000000001
379|6.4876000000000005|5.6338|5.684|5.8613|4.559699999999999
380|6.438199999999999|5.5678|5.665399999999999|5.847899999999999|4.5947
381|6.4594|5.676800000000001|5.6968|5.896100000000001|4.5639
382|6.4831|5.6046000000000005|5.667300000000001|5.827|4.5649
383|6.462|5.505899999999999|5.6396999999999995|5.8115000000000006|4.6169
384|6.5024999999999995|5.6813|5.722899999999999|5.9459|4.5098
385|6.519699999999999|5.592199999999999|5.6723|5.8298000000000005|4.5511
386|6.4147|5.6074|5.680899999999999|5.9236|4.6027000000000005
387|6.312399999999999|5.4964|5.6101|5.7917|4.674100000000001
388|6.465|5.616|5.685700000000001|5.8624|4.5204
389|6.4766|5.6495|5.6906|5.9044|4.549
390|6.4722|5.6779|5.6846000000000005|5.8758|4.562
391|6.441600000000001|5.5606|5.6699|5.8702|4.5961
392|6.3919|5.475399999999999|5.6051|5.766|4.6729
393|6.3385|5.574|5.6564|5.9028|4.6493
394|6.4117|5.572|5.6642|5.857200000000001|4.6077
395|6.413600000000001|5.512100000000001|5.6449|5.8485|4.6295
396|6.2549|5.5657|5.6038|5.8468|4.7393
397|6.293800000000001|5.5442|5.650399999999999|5.9056999999999995|4.688
398|6.4808|5.5672|5.6583000000000006|5.8297|4.587600000000001
399|6.3713|5.5817|5.6478|5.8527|4.6437
400|6.4542|5.6141000000000005|5.687600000000001|5.879|4.546799999999999
401|6.449199999999999|5.569100000000001|5.6715|5.8675|4.5863
402|6.4867|5.6259999999999994|5.6804|5.8535|4.553100000000001
403|6.5077|5.6745|5.6914|5.855899999999999|4.5146
404|6.3|5.4505|5.600899999999999|5.808999999999999|4.7715000000000005
405|6.4327000000000005|5.5395|5.6524|5.824600000000001|4.6103
406|6.4056|5.6137999999999995|5.6699|5.878399999999999|4.601
407|6.530600000000001|5.646899999999999|5.710800000000001|5.909300000000001|4.5056
408|6.4744|5.5797|5.6523|5.800999999999999|4.5898
409|6.5408|5.624899999999999|5.6789000000000005|5.845899999999999|4.5278
410|6.4994|5.5408|5.633|5.767899999999999|4.608
411|6.389899999999999|5.6218|5.6752|5.8904|4.5972
412|6.5084|5.594399999999999|5.6623|5.7939|4.5515
413|6.417199999999999|5.571199999999999|5.655200000000001|5.8248|4.5938
414|6.388199999999999|5.525899999999999|5.637300000000001|5.8448|4.6504
415|6.4898|5.6098|5.6679|5.8283000000000005|4.5779
416|6.400399999999999|5.5723|5.654|5.848399999999999|4.6133999999999995
417|6.274800000000001|5.577999999999999|5.655600000000001|5.9068|4.6549000000000005
418|6.5022|5.7088|5.687100000000001|5.8854|4.545100000000001
419|6.433300000000001|5.5993|5.6707|5.8530999999999995|4.5729999999999995
420|6.3459|5.5918|5.6712|5.9251|4.6296
421|6.503899999999999|5.6546|5.6879|5.8378|4.516600000000001
422|6.539000000000001|5.7126|5.7331|5.9033|4.4548
423|6.3823|5.562600000000001|5.6522|5.8492|4.6143
424|6.5646|5.6345|5.6958|5.8371|4.492999999999999
425|6.4914|5.5852|5.6677|5.8387|4.5633
426|6.5283999999999995|5.653100000000001|5.7088|5.9039|4.532900000000001
427|6.4337|5.6316|5.7003|5.9297|4.5723
428|6.4208|5.5745000000000005|5.663600000000001|5.8664|4.5837
429|6.447000000000001|5.6491999999999996|5.7092|5.9187|4.5518
430|6.420399999999999|5.6082|5.655399999999999|5.836|4.5612
431|6.4993|5.6596|5.6976|5.8466000000000005|4.4915
432|6.5815|5.593|5.669499999999999|5.783399999999999|4.5182
433|6.4780999999999995|5.6238|5.7055|5.8999999999999995|4.5233
434|6.592700000000001|5.7116|5.7249|5.9021|4.4801
435|6.4651000000000005|5.5761|5.6698|5.8469999999999995|4.5654
436|6.392899999999999|5.5367|5.6338|5.7837|4.6291
437|6.521600000000001|5.684399999999999|5.7028|5.876200000000001|4.4982
438|6.4664|5.694|5.6989|5.9165|4.5397
439|6.4594|5.5799|5.6526|5.8065|4.5929
440|6.4292|5.5356000000000005|5.657800000000001|5.844600000000001|4.5956
441|6.3638|5.579|5.662599999999999|5.879|4.6179
442|6.422600000000001|5.5199|5.6327|5.7919|4.621
443|6.4169|5.587300000000001|5.672199999999999|5.868600000000001|4.5672
444|6.5053|5.6021|5.694|5.8828000000000005|4.5409
445|6.4094|5.5079|5.6201|5.7952|4.664
446|6.461899999999999|5.5169|5.6472|5.8235|4.6061000000000005
447|6.4578999999999995|5.5788|5.6530000000000005|5.838899999999999|4.618600000000001
448|6.5137|5.5847999999999995|5.6701|5.8301|4.5586
449|6.3428|5.6701|5.672699999999999|5.8907|4.6094
450|6.4861|5.6392|5.685600000000001|5.8605|4.5397
451|6.4487|5.5525|5.6427|5.784000000000001|4.596
452|6.463800000000001|5.6876999999999995|5.706100000000001|5.8824|4.527900000000001
453|6.5166|5.5943|5.702500000000001|5.9114|4.5368
454|6.489000000000001|5.586|5.6555|5.8114|4.5559
455|6.524900000000001|5.5091|5.6086|5.722199999999999|4.622
456|6.4608|5.546600000000001|5.656600000000001|5.8294999999999995|4.5889999999999995
457|6.5056|5.5977|5.6784|5.8467|4.5435
458|6.5886|5.5958|5.670000000000001|5.8031999999999995|4.5278
459|6.362100000000001|5.5714|5.6374|5.863|4.7088
460|6.5084|5.595|5.657300000000001|5.8122|4.561
461|6.4|5.5687|5.6402|5.822000000000001|4.6375
462|6.270100000000001|5.5904|5.6523|5.8798|4.6647
463|6.4816|5.588800000000001|5.6589|5.8218000000000005|4.592100000000001
464|6.610899999999999|5.5916|5.6691|5.7945|4.557
465|6.5274|5.676100000000001|5.7062|5.8705|4.4881
466|6.3947|5.5771999999999995|5.668800000000001|5.8895|4.61
467|6.4351|5.6084|5.6899999999999995|5.877|4.5542
468|6.3786|5.558199999999999|5.651000000000001|5.8535|4.5995
469|6.4363|5.583600000000001|5.6733|5.865|4.5741
470|6.3559|5.5465|5.6418|5.8372|4.6468
471|6.3588000000000005|5.518800000000001|5.6286000000000005|5.8424|4.6863
472|6.3985|5.556100000000001|5.6652000000000005|5.8866000000000005|4.6169
473|6.449|5.5733|5.6743999999999994|5.8892|4.6027000000000005
474|6.4517999999999995|5.5785|5.663100000000001|5.8302|4.5808
475|6.4698|5.565100000000001|5.6311|5.7761000000000005|4.582600000000001
476|6.4990000000000006|5.5891|5.6645|5.847600000000001|4.5692
477|6.5388|5.6081|5.6805|5.825399999999999|4.5178
478|6.4937000000000005|5.668100000000001|5.705|5.9236|4.5543
479|6.489699999999999|5.638999999999999|5.707800000000001|5.9096|4.5288
480|6.4515|5.5974|5.6904|5.8834|4.5498
481|6.4895000000000005|5.568300000000001|5.6615|5.8308|4.5753
482|6.469399999999999|5.4986999999999995|5.6174|5.744|4.6416
483|6.5021|5.6121|5.6643|5.8214|4.5942
484|6.1605|5.5789|5.6283|5.9136|4.7486000000000015
485|6.452399999999999|5.5577|5.6777|5.8915|4.5789
486|6.4352|5.5725|5.668800000000001|5.8521|4.571
487|6.3635|5.5425|5.6645|5.886399999999999|4.6162
488|6.4445|5.5828999999999995|5.6778|5.8621|4.5661000000000005
489|6.4069|5.556399999999999|5.6442000000000005|5.8057|4.588100000000001
490|6.5878000000000005|5.756100000000001|5.7421|5.891|4.4197999999999995
491|6.529|5.615399999999999|5.677300000000001|5.8323|4.5485
492|6.549899999999999|5.6384|5.6743|5.8075|4.5594
493|6.481399999999999|5.6267|5.694600000000001|5.886100000000001|4.5367
494|6.4122|5.5455|5.6592|5.858|4.6177
495|6.3081|5.5344|5.6488000000000005|5.870800000000001|4.6637
496|6.535|5.6244|5.6981|5.882|4.526800000000001
497|6.459600000000001|5.6327|5.674899999999999|5.880999999999999|4.5869
498|6.4664|5.7143999999999995|5.7212|5.9436|4.5149
499|6.4683|5.6107|5.6838999999999995|5.8791|4.5788
500|6.7193000000000005|5.7668|5.770999999999999|5.9314|4.3762
501|6.4339|5.5972|5.6525|5.853199999999999|4.6261
502|6.396800000000001|5.593500000000001|5.6754999999999995|5.885600000000001|4.5947
503|6.381600000000001|5.5855|5.659800000000001|5.8359|4.5975
504|6.412800000000001|5.580699999999999|5.6701999999999995|5.8614|4.6039
505|6.3631|5.6097|5.6731|5.917399999999999|4.6224
506|6.5112000000000005|5.6267|5.6953|5.883500000000001|4.5383000000000004
507|6.5112000000000005|5.672899999999999|5.6995|5.8803|4.5193
508|6.534300000000001|5.6438|5.6973|5.895600000000001|4.541600000000001
509|6.572100000000001|5.5779|5.6597|5.7766|4.5538
510|6.5233|5.613199999999999|5.6852|5.8397|4.5085
511|6.4899|5.5695|5.669300000000001|5.8607|4.5977
512|6.540100000000001|5.529999999999999|5.6457|5.7669|4.5795
513|6.476800000000001|5.5694|5.6511|5.7898000000000005|4.587899999999999
514|6.4928|5.619|5.6937|5.8744|4.5262
515|6.5461|5.665|5.7091|5.878100000000001|4.491899999999999
516|6.450199999999999|5.6086|5.6822|5.885100000000001|4.5558
517|6.4761999999999995|5.601699999999999|5.686399999999999|5.8652|4.543
518|6.4844|5.6055|5.6891|5.874199999999999|4.5463
519|6.338600000000001|5.6353|5.6712|5.8907|4.6154
520|6.458|5.6449|5.6972000000000005|5.9036|4.5339
521|6.5315|5.592699999999999|5.653100000000001|5.775100000000001|4.5541
522|6.3449|5.6431000000000004|5.678800000000001|5.9106000000000005|4.6008
523|6.5127999999999995|5.6387|5.705|5.8777|4.512
524|6.5169|5.6691|5.709300000000001|5.919600000000001|4.501600000000002
525|6.5423|5.596899999999999|5.68|5.8521|4.5601
526|6.476800000000001|5.6783|5.6945|5.8866000000000005|4.5639
527|6.4186|5.6343|5.6907|5.9045000000000005|4.5692
528|6.5104|5.657800000000001|5.7018|5.8799|4.5145
529|6.4244|5.406499999999999|5.5323|5.6048|4.7708
530|6.366199999999999|5.536399999999999|5.6589|5.8819|4.6341
531|6.4174|5.6399|5.683600000000001|5.8922|4.5760000000000005
532|6.322|5.5599|5.6404|5.8485|4.6566
533|6.4752|5.5314|5.6428|5.783|4.5901
534|6.492399999999999|5.6567|5.6854|5.8643|4.5385
535|6.4852|5.5796|5.6731|5.8521|4.571
536|6.3790000000000004|5.4698|5.5989|5.8020000000000005|4.658600000000001
537|6.520600000000001|5.5969999999999995|5.6868|5.844|4.545100000000001
538|6.409199999999999|5.513|5.6233|5.7844|4.6728
539|6.508000000000001|5.627300000000001|5.6975|5.8811|4.5291
540|6.5068|5.6067|5.669|5.8386000000000005|4.5679
541|6.366899999999999|5.5657|5.6447|5.83|4.6008
542|6.579699999999999|5.656|5.6862|5.8307|4.5333000000000006
543|6.3428|5.5901|5.6706|5.9028|4.6215
544|6.502600000000001|5.6167|5.6893|5.8713999999999995|4.528
545|6.501|5.5893999999999995|5.6766000000000005|5.8418|4.5409
546|6.479699999999999|5.5916|5.668800000000001|5.858899999999999|4.5815
547|6.440600000000001|5.593100000000001|5.678999999999999|5.8821|4.5979
548|6.4432|5.596|5.665399999999999|5.8368|4.5924
549|6.3986|5.4672|5.6133|5.7706|4.673100000000002
550|6.426500000000001|5.554100000000001|5.655200000000001|5.8416999999999994|4.552100000000001
551|6.4639999999999995|5.5768|5.681699999999999|5.874699999999999|4.5618
552|6.5524|5.6757|5.703600000000001|5.849|4.4881
553|6.573899999999999|5.7010000000000005|5.725600000000001|5.9268|4.517600000000001
554|6.4475999999999996|5.6000000000000005|5.6668|5.872199999999999|4.584099999999999
555|6.4985|5.5933|5.6604|5.8233|4.5628
556|6.3458000000000006|5.4867|5.6109|5.7921|4.676
557|6.4428|5.6621|5.7033000000000005|5.902500000000001|4.5237
558|6.474600000000001|5.543899999999999|5.6585|5.8553|4.6055
559|6.4232|5.547|5.6384|5.7926|4.6224
560|6.4816|5.6095|5.6834|5.8649|4.5619
561|6.4861|5.5845|5.6686000000000005|5.8431|4.5824
562|6.307|5.5708|5.648|5.8804|4.703
563|6.3339|5.4358|5.5728|5.7008|4.7112
564|6.4203|5.581899999999999|5.6561|5.8538|4.628600000000001
565|6.3232|5.4902|5.5748999999999995|5.722899999999999|4.6888000000000005
566|6.4676|5.623|5.696|5.9079999999999995|4.5566
567|6.5769|5.6358999999999995|5.679600000000001|5.8143|4.5202
568|6.409600000000001|5.5545|5.648|5.8425|4.6247
569|6.5313|5.615|5.6893|5.8870000000000005|4.5365
570|6.5008|5.6523|5.7005|5.8706000000000005|4.4803999999999995
571|6.5096|5.6548|5.6888000000000005|5.8529|4.5261000000000005
572|6.3151|5.516800000000001|5.6183000000000005|5.8116|4.6892
573|6.525499999999999|5.6279|5.6783|5.8371|4.5245999999999995
574|6.4414|5.674100000000001|5.687800000000001|5.878399999999999|4.557100000000001
575|6.446|5.516800000000001|5.641699999999999|5.8301|4.6234
576|6.4976|5.5882|5.6962|5.907100000000001|4.5412
577|6.412800000000001|5.5835|5.667800000000001|5.847799999999999|4.5754
578|6.402100000000001|5.5253|5.6377|5.8416|4.6633000000000004
579|6.5291|5.5631|5.6657|5.8203000000000005|4.563100000000001
580|6.452100000000001|5.5985|5.685600000000001|5.899100000000001|4.5542
581|6.4422999999999995|5.5688|5.655899999999999|5.835|4.5914
582|6.439500000000001|5.5584999999999996|5.6525|5.8292|4.6074
583|6.4968|5.5145|5.6144|5.741199999999999|4.6111
584|6.5172|5.5532|5.6453|5.7709|4.5699000000000005
585|6.5251|5.592899999999999|5.671|5.8454|4.5682
586|6.4414|5.584899999999999|5.660699999999999|5.8323|4.5952
587|6.4989|5.6248|5.6930000000000005|5.8530999999999995|4.5533
588|6.5268999999999995|5.6313|5.6899999999999995|5.875500000000001|4.5104
589|6.4754000000000005|5.5865|5.643199999999999|5.8012|4.5786999999999995
590|6.5081999999999995|5.5553|5.651000000000001|5.8142|4.5716
591|6.572|5.6481|5.692500000000001|5.829|4.5023
592|6.553899999999999|5.6982|5.714899999999999|5.890300000000001|4.497600000000001
593|6.4391|5.6123|5.673399999999999|5.869800000000001|4.5773
594|6.5853|5.6394|5.696399999999999|5.849600000000001|4.484
595|6.463100000000001|5.6568000000000005|5.6823|5.866600000000001|4.5496
596|6.3117|5.5686|5.6547|5.8895|4.6601
597|6.509399999999999|5.6398|5.673500000000001|5.822000000000001|4.5444
598|6.3943|5.457999999999999|5.589300000000001|5.7377|4.6671000000000005
599|6.5184|5.7317|5.713699999999999|5.871300000000001|4.478
600|6.5634999999999994|5.6442000000000005|5.7171|5.890499999999999|4.4775
601|6.3969|5.5665|5.644299999999999|5.8408999999999995|4.6488000000000005
602|6.4705|5.5567|5.653699999999999|5.849|4.6124
603|6.4379|5.533|5.632000000000001|5.776|4.6219
604|6.5313|5.602600000000001|5.6616|5.7857|4.547499999999999
605|6.4181|5.6564|5.6942|5.8801000000000005|4.553
606|6.483899999999999|5.6142|5.6865|5.878|4.5512999999999995
607|6.493600000000001|5.6507|5.673699999999999|5.867899999999999|4.5773
608|6.4954|5.6284|5.6707|5.828600000000001|4.5467
609|6.442|5.5619|5.6592|5.8482|4.5774
610|6.3782|5.5717|5.6767|5.848800000000001|4.6199
611|6.353800000000001|5.5459|5.6277|5.8041|4.6599
612|6.4962|5.646399999999999|5.672000000000001|5.8013|4.5474
613|6.501600000000001|5.638800000000001|5.695|5.8588000000000005|4.527100000000001
614|6.3866|5.582000000000001|5.6747000000000005|5.8967|4.597600000000001
615|6.5027|5.525600000000001|5.6414|5.789|4.5935
616|6.468|5.587|5.654|5.8553999999999995|4.6215
617|6.512899999999999|5.6298|5.6792|5.8297|4.5484
618|6.476100000000001|5.6379|5.6873000000000005|5.854600000000001|4.5065
619|6.4923|5.6801|5.7116|5.888299999999999|4.4997
620|6.3631|5.470699999999999|5.6006|5.759600000000001|4.6948
621|6.452100000000001|5.5908999999999995|5.657100000000001|5.8344|4.5908999999999995
622|6.536|5.7099|5.714700000000001|5.8909|4.4769
623|6.574999999999999|5.5158000000000005|5.6301000000000005|5.7071000000000005|4.5692
624|6.3645|5.5556|5.654100000000001|5.864199999999999|4.620699999999999
625|6.478199999999999|5.712199999999999|5.7308|5.9312|4.4618
626|6.4547|5.511|5.6233|5.7503|4.611
627|6.4483999999999995|5.5858|5.6629|5.8659|4.6055
628|6.3854|5.4803|5.6001|5.7393|4.666
629|6.481399999999999|5.5634|5.6478|5.789300000000001|4.581799999999999
630|6.5379|5.595600000000001|5.6766000000000005|5.8439|4.552
631|6.3707|5.4903|5.636800000000001|5.840199999999999|4.6508
632|6.5164|5.6262|5.676800000000001|5.859800000000001|4.5634999999999994
633|6.4541|5.5198|5.6279|5.778300000000001|4.6246
634|6.4603|5.626600000000001|5.688|5.909300000000001|4.557100000000001
635|6.4493|5.6692|5.6916|5.876|4.5446
636|6.2812|5.5425|5.642|5.8709999999999996|4.6704
637|6.57|5.6907|5.723199999999999|5.8845|4.4562
638|6.4471|5.615|5.6751000000000005|5.8472|4.5602
639|6.5375000000000005|5.5877|5.666|5.8095|4.5473
640|6.3908|5.577100000000001|5.666899999999999|5.88|4.5989
641|6.4962|5.6365|5.6915000000000004|5.866899999999999|4.5128
642|6.3581|5.61|5.6739|5.8995|4.638600000000001
643|6.514100000000001|5.606|5.667800000000001|5.796799999999999|4.5389
644|6.4648|5.5889|5.676899999999999|5.8926|4.5455000000000005
645|6.4827|5.6287|5.6785|5.8221|4.5373
646|6.514100000000001|5.5882|5.6731|5.8675|4.5809
647|6.4697|5.556|5.663100000000001|5.8521|4.5843
648|6.4991|5.585899999999999|5.6929|5.8834|4.5275
649|6.5023|5.6514|5.6815999999999995|5.855700000000001|4.5154
650|6.4784|5.6099|5.666899999999999|5.8108|4.5722000000000005
651|6.0949|5.026199999999999|5.544600000000001|5.8201|4.8537
652|6.447699999999999|5.5908|5.6608|5.8316|4.5859
653|6.585|5.5004|5.614|5.7031|4.6004000000000005
654|6.389600000000001|5.553600000000001|5.6572|5.851100000000001|4.603600000000001
655|6.5519|5.5695|5.657100000000001|5.7686|4.5459
656|6.5088|5.620500000000001|5.6884999999999994|5.8664|4.5437
657|6.534300000000001|5.6274999999999995|5.666|5.8294|4.5299
658|6.4054|5.5377|5.6379|5.8031|4.6135
659|6.4514|5.5600000000000005|5.6643|5.8553|4.5838
660|6.5376|5.5908999999999995|5.6638|5.7819|4.527100000000001
661|6.565300000000001|5.695600000000001|5.7101999999999995|5.8865|4.5024999999999995
662|6.433300000000001|5.5783000000000005|5.6808000000000005|5.8812|4.5659
663|6.4578999999999995|5.5774|5.643699999999999|5.815600000000001|4.6267000000000005
664|6.5577|5.619199999999999|5.6825|5.8197|4.521100000000001
665|6.4566|5.6259|5.6696|5.8445|4.5641
666|6.3464|5.573899999999999|5.6577|5.8787|4.603100000000001
667|6.3675999999999995|5.5386999999999995|5.6489|5.854699999999999|4.669499999999999
668|6.413399999999999|5.5913|5.6743|5.9011000000000005|4.5978
669|6.464300000000001|5.564399999999999|5.6546|5.836|4.6216
670|6.593299999999999|5.6398|5.6945|5.8507|4.4954
671|6.410100000000001|5.6165|5.668699999999999|5.8544|4.5887
672|6.4159|5.6262|5.6743|5.8756|4.5815
673|6.5645|5.6604|5.7065|5.8803|4.5022
674|6.4376999999999995|5.583399999999999|5.6597|5.8473|4.5849
675|6.4141|5.6433|5.6557|5.7721|4.559699999999999
676|6.4378|5.6298|5.6823999999999995|5.8751999999999995|4.5712
677|6.223800000000001|5.5257000000000005|5.6155|5.873|4.669499999999999
678|6.5267|5.846299999999999|5.7289|5.9426000000000005|4.5169
679|6.3966|5.6128|5.668800000000001|5.867100000000001|4.577600000000001
680|6.512899999999999|5.664600000000001|5.7002|5.8803|4.5261000000000005
681|6.449600000000001|5.6167|5.6854|5.8846|4.5708
682|6.445600000000001|5.625100000000001|5.6823|5.8577|4.5637
683|6.423800000000001|5.635|5.696|5.9191|4.577600000000001
684|6.5168|5.5724|5.660699999999999|5.8053|4.5616
685|6.5714|5.6674999999999995|5.705399999999999|5.871499999999999|4.4708
686|6.469600000000001|5.593399999999999|5.6791|5.8805|4.5747
687|6.4445|5.5486|5.655|5.8530999999999995|4.6047
688|6.4508|5.5408|5.6579|5.844399999999999|4.5953
689|6.458399999999999|5.5547|5.644399999999999|5.8014|4.5892
690|6.4345|5.5906|5.6766000000000005|5.8831|4.572100000000001
691|6.149899999999999|5.6716|5.6362000000000005|5.9818999999999996|4.5847999999999995
692|6.3987|5.6611|5.6945|5.9241|4.5815
693|6.5389|5.607800000000001|5.674200000000001|5.8345|4.5573999999999995
694|6.510199999999999|5.607100000000001|5.664600000000001|5.8004999999999995|4.5237
695|6.411|5.520300000000001|5.6107|5.7744|4.6565
696|6.4399|5.567|5.6548|5.8407|4.598600000000001
697|6.421799999999999|5.5235|5.6471|5.8429|4.6339999999999995
698|6.5305|5.708600000000001|5.7113000000000005|5.8805|4.492100000000001
699|6.4302|5.6175|5.6851|5.868899999999999|4.5424
700|6.532399999999999|5.6585|5.685899999999999|5.8196|4.5062
701|6.412800000000001|5.554100000000001|5.6495|5.833|4.613100000000001
702|6.491600000000001|5.7096|5.728999999999999|5.8725000000000005|4.3586
703|6.474|5.564100000000001|5.6579999999999995|5.8214|4.5808
704|6.3916|5.6189|5.678|5.8757|4.5701
705|6.5186|5.6438999999999995|5.696|5.8908000000000005|4.5175
706|6.518199999999999|5.5516|5.6602|5.8153|4.5661000000000005
707|6.4548000000000005|5.6129|5.6691|5.8529|4.5808
708|6.4693000000000005|5.6224|5.677399999999999|5.8311|4.505199999999999
709|6.5238000000000005|5.619199999999999|5.6947|5.8821|4.5347
710|6.500100000000001|5.624700000000001|5.6928|5.8801000000000005|4.5464
711|6.396699999999999|5.5440000000000005|5.6495|5.8716|4.642600000000002
712|6.3984|5.536300000000001|5.649699999999999|5.8725000000000005|4.6544
713|6.5139|5.5755|5.681699999999999|5.8673|4.5673
714|6.499199999999999|5.5408|5.6448|5.7823|4.5775
715|6.4867|5.6035|5.6819|5.876100000000001|4.5587
716|6.4291|5.6106|5.6897|5.896600000000001|4.5764
717|6.2728|5.8025|5.7559|6.0602|4.380600000000001
718|6.656499999999999|5.612399999999999|5.68|5.8126|4.5059
719|6.4514|5.6653|5.716600000000001|5.9348|4.509
720|6.430100000000001|5.5907|5.6754|5.886|4.5925
721|6.4242|5.5462|5.636899999999999|5.8129|4.6294
722|6.5123999999999995|5.6104|5.6767|5.8537|4.5514
723|6.4869|5.5305|5.6522|5.812|4.587899999999999
724|6.499199999999999|5.5452|5.6393|5.7766|4.5754
725|6.4654|5.676100000000001|5.6930000000000005|5.8425|4.5256
726|6.4498|5.5142999999999995|5.6409|5.8096000000000005|4.6296
727|6.54|5.6116|5.6818|5.838399999999999|4.5196
728|6.4715|5.554600000000001|5.654100000000001|5.8375|4.602100000000001
729|6.4376999999999995|5.5604|5.6546|5.8473|4.6215
730|6.4864999999999995|5.6599|5.7063999999999995|5.9041999999999994|4.536600000000001
731|6.489199999999999|5.564299999999999|5.6589|5.8255|4.5804
732|6.515499999999999|5.5594|5.6403|5.758800000000001|4.5786
733|6.4589|5.5234|5.642899999999999|5.7829|4.5874
734|6.5462|5.654399999999999|5.692699999999999|5.8507|4.5024
735|6.459899999999999|5.555399999999999|5.646800000000001|5.7965|4.593
736|6.3870000000000005|5.5229|5.6445|5.8415|4.6118
737|6.5465|5.5872|5.665399999999999|5.8003|4.5508
738|6.513299999999999|5.6448|5.7016|5.867399999999999|4.4832
739|6.4925|5.613199999999999|5.6991000000000005|5.9091000000000005|4.5359
740|6.4|5.7557|5.6633|5.855100000000001|4.625
741|6.4675|5.5652|5.652699999999999|5.820499999999999|4.5919
742|6.3658|5.5648|5.6587|5.8643|4.6251999999999995
743|6.5442|5.657399999999999|5.7044|5.8862000000000005|4.515700000000001
744|6.2444|5.541|5.6333|5.8541|4.6868
745|6.4787|5.6563|5.7004|5.8943|4.5032
746|6.4073|5.5428|5.644|5.8455|4.6564
747|6.4975000000000005|5.555399999999999|5.664899999999999|5.839600000000001|4.5856
748|6.477500000000001|5.5813999999999995|5.6502|5.7818000000000005|4.5683
749|6.4281|5.5809|5.659800000000001|5.8635|4.6472
750|6.4625|5.5733|5.6517|5.847100000000001|4.6617999999999995
751|6.3959|5.3576999999999995|5.532|5.636399999999999|4.7414000000000005
752|6.4744|5.6366000000000005|5.686100000000001|5.8424|4.539000000000001
753|6.3771|5.5552|5.6663|5.8675|4.6355
754|6.4727|5.6237|5.7004|5.9133000000000004|4.523499999999999
755|6.4556000000000004|5.5125|5.637|5.7971|4.6111
756|6.5045|5.6144|5.663600000000001|5.840999999999999|4.552300000000001
757|6.4704|5.628|5.6848|5.8553999999999995|4.5542
758|6.4874|5.5211|5.6345|5.7882|4.6169
759|6.4658999999999995|5.6794|5.6899999999999995|5.857799999999999|4.5278
760|6.421799999999999|5.5856|5.677|5.8673|4.5853
761|6.3943|5.5816|5.678999999999999|5.8988000000000005|4.5997
762|6.4583|5.632899999999999|5.6887|5.8758|4.5393
763|6.4912|5.537999999999999|5.649699999999999|5.8101|4.5928
764|6.461100000000001|5.5824|5.6684|5.8619|4.5622
765|6.4618|5.617999999999999|5.6699|5.8613|4.5552
766|6.3136|5.5676000000000005|5.6493|5.8972|4.668
767|6.3858999999999995|5.5569999999999995|5.6339|5.8196|4.6442
768|6.4637|5.5605|5.6610000000000005|5.85|4.6091
769|6.4076|5.6007|5.6671000000000005|5.8678|4.597300000000001
770|6.4618|5.6065|5.670000000000001|5.8744|4.5847999999999995
771|6.4281|5.5079|5.629|5.7939|4.6277
772|6.4969|5.695100000000001|5.706799999999999|5.886899999999999|4.4997
773|6.4447|5.5384|5.647399999999999|5.7933|4.6074
774|6.4443|5.5791|5.6704|5.856399999999999|4.564
775|6.507|5.641|5.683199999999999|5.8303|4.5495
776|6.5395|5.7309|5.728800000000001|5.9043|4.471100000000002
777|6.523399999999999|5.628|5.676100000000001|5.8340000000000005|4.5573999999999995
778|6.4693000000000005|5.6568000000000005|5.7014|5.8962|4.5219
779|6.5649|5.6757|5.6929|5.866100000000001|4.5498
780|6.4641|5.6099|5.6753|5.878399999999999|4.5618
781|6.482|5.6116|5.6804|5.8416999999999994|4.5618
782|6.388199999999999|5.5383000000000004|5.662000000000001|5.8919999999999995|4.6132
783|6.5389|5.5808|5.6714|5.828899999999999|4.541
784|6.5273|5.6018|5.679499999999999|5.833399999999999|4.535299999999999
785|6.5103|5.6103000000000005|5.6908|5.894699999999999|4.5506
786|6.576300000000001|5.6216|5.697800000000001|5.8626000000000005|4.4852
787|6.422899999999999|5.5245|5.6581|5.8619|4.6172
788|6.6293999999999995|5.6487|5.716899999999999|5.8534|4.446100000000001
789|6.4878|5.590199999999999|5.687800000000001|5.8943|4.5772
790|6.5793|5.6128|5.6754|5.8004999999999995|4.5040000000000004
791|6.5376|5.611800000000001|5.6784|5.8382000000000005|4.5325
792|6.399699999999999|5.5348999999999995|5.633|5.8149|4.6513
793|6.5618|5.6655|5.703199999999999|5.8713999999999995|4.496700000000001
794|6.4454|5.5954999999999995|5.7012|5.9201999999999995|4.5763
795|6.554|5.5978|5.6804|5.855199999999999|4.5422
796|6.4334999999999996|5.5757|5.655|5.8414|4.6229
797|6.622399999999999|5.6984|5.6918999999999995|5.838899999999999|4.5049
798|6.4608|5.6392|5.688300000000001|5.8594|4.527900000000001
799|6.3564|5.4989|5.6281|5.837899999999999|4.6726
800|6.4864999999999995|5.6313|5.6918999999999995|5.8899|4.5494
801|6.421200000000001|5.6499999999999995|5.6967|5.9292|4.6011999999999995
802|6.367699999999999|5.584899999999999|5.6583000000000006|5.8847|4.6271
803|6.3893|5.5717|5.6642|5.875100000000001|4.5953
804|6.4213|5.6088000000000005|5.6923|5.901199999999999|4.5483
805|6.4259|5.5565|5.64|5.8118|4.6299
806|6.3702000000000005|5.6082|5.6771|5.8969|4.5916
807|6.3132|5.6167|5.6628|5.866|4.6202
808|6.462399999999999|5.594799999999999|5.6587|5.8075|4.5784
809|6.4666|5.5768|5.641699999999999|5.7934|4.5728
810|6.3856|5.7028|5.7013|5.930300000000001|4.5075
811|6.489000000000001|5.5415|5.6379|5.7897|4.621
812|6.6196|5.6316|5.6784|5.8001000000000005|4.4853
813|6.5179|5.6255|5.6791|5.8411|4.5465
814|6.4909|5.6086|5.6653|5.821|4.601100000000001
815|6.4803|5.6287|5.679499999999999|5.85|4.540699999999999
816|6.4886|5.5302|5.6353|5.7715000000000005|4.603600000000001
817|6.5854|5.8599|5.740600000000001|5.8744|4.4028
818|6.5578|5.581300000000001|5.676899999999999|5.8265|4.5389
819|6.4681|5.6177|5.6908|5.894399999999999|4.5592
820|6.5261000000000005|5.6212|5.6949|5.8818|4.5367
821|6.5347|5.6052|5.678800000000001|5.813899999999999|4.5184999999999995
822|6.4856|5.5872|5.6705000000000005|5.8495|4.5844000000000005
823|6.465800000000001|5.6233|5.6899|5.8866000000000005|4.5633
824|6.3888|5.4706|5.6240000000000006|5.8373|4.6825
825|6.487|5.607800000000001|5.6881|5.8936|4.541799999999999
826|6.4106000000000005|5.566300000000001|5.667399999999999|5.8819|4.6064
827|6.416300000000001|5.704600000000001|5.696399999999999|5.9272|4.5511
828|6.3804|5.5494|5.661199999999999|5.8728|4.632
829|6.3539|5.5391|5.6396999999999995|5.8468|4.633
830|6.396800000000001|5.5674|5.6597|5.8705|4.6266
831|6.409699999999999|5.681699999999999|5.684|5.8841|4.5801
832|6.4169|5.5372|5.6405|5.8347|4.649
833|6.614300000000001|5.6177|5.6913|5.859|4.532600000000001
834|6.463|5.5184|5.6428|5.8163|4.6127
835|6.4217|5.5791|5.6716|5.8774999999999995|4.5933
836|6.396100000000001|5.4961|5.6202|5.7811|4.6341
837|6.3883|5.620000000000001|5.6828|5.901199999999999|4.6016
838|6.5481|5.724|5.7255|5.876799999999999|4.4465
839|6.409199999999999|5.506|5.624899999999999|5.7909|4.6379
840|6.527699999999999|5.6545000000000005|5.7265|5.9065|4.471
841|6.5056|5.6211|5.6884999999999994|5.8696|4.5255
842|6.523899999999999|5.5004|5.626100000000001|5.725100000000001|4.5943000000000005
843|6.430100000000001|5.5838|5.657300000000001|5.8431|4.576700000000001
844|6.367699999999999|5.5171|5.651000000000001|5.8676|4.625
845|6.494400000000001|5.5828999999999995|5.650500000000001|5.7768|4.5749
846|6.4765|5.596100000000001|5.6639|5.825399999999999|4.5701
847|6.331600000000001|5.6313|5.6738|5.893800000000001|4.6334
848|6.3789|5.5523|5.655399999999999|5.8453|4.6003
849|6.4604|5.5987|5.6682|5.846399999999999|4.5866
850|6.488300000000001|5.562199999999999|5.6616|5.8125|4.5682
851|6.340399999999999|5.5008|5.604100000000001|5.7965|4.698600000000001
852|6.5085999999999995|5.5756000000000006|5.666600000000001|5.844600000000001|4.558400000000001
853|6.4323|5.601500000000001|5.633699999999999|5.818399999999999|4.625500000000001
854|6.4952|5.626100000000001|5.6850000000000005|5.846299999999999|4.5399
855|6.507899999999999|5.6211|5.6793000000000005|5.8473|4.5479
856|6.5715|5.695600000000001|5.7314|5.894500000000001|4.4477
857|6.5282|5.6052|5.683|5.857799999999999|4.5273
858|6.403|5.564299999999999|5.657300000000001|5.8626000000000005|4.6325
859|6.4642|5.6913|5.692500000000001|5.8697|4.5451999999999995
860|6.503|5.5915|5.6509|5.788|4.5923
861|6.562|5.5912|5.686|5.8628|4.5477
862|6.4967|5.5976|5.666399999999999|5.8168999999999995|4.5403
863|6.541899999999999|5.6696|5.699199999999999|5.8412|4.4911
864|6.5699|5.6589|5.7044|5.853199999999999|4.4751
865|6.433999999999999|5.5713|5.6683|5.884|4.5867
866|6.3808|5.450699999999999|5.5649999999999995|5.6829|4.693899999999999
867|6.6967|5.6259|5.6879|5.7945|4.467600000000001
868|6.4407000000000005|5.5982|5.676|5.912800000000001|4.591
869|6.317699999999999|5.503100000000001|5.6327|5.868399999999999|4.6793000000000005
870|6.5423|5.7255|5.7184|5.895899999999999|4.4829
871|6.452|5.569800000000001|5.6546|5.8331|4.5762
872|6.458399999999999|5.5821|5.657100000000001|5.8397|4.6078
873|6.5409|5.634600000000001|5.6916|5.8529|4.5308
874|6.4345|5.5375|5.6319|5.7959|4.6501
875|6.453899999999999|5.6177|5.671|5.846399999999999|4.5568
876|6.4898|5.605600000000001|5.667999999999999|5.8255|4.5347
877|6.446899999999999|5.6876999999999995|5.7036999999999995|5.9338999999999995|4.5611
878|6.543399999999999|5.7787|5.7463999999999995|5.9624999999999995|4.4485
879|6.5798000000000005|5.6496|5.667|5.8167|4.5457
880|6.4069|5.4513|5.5908999999999995|5.7367|4.7057
881|6.3895|5.5496|5.6425|5.8428|4.619
882|6.3788|5.512899999999999|5.6374|5.8468|4.6708
883|6.4308|5.5921|5.6711|5.834199999999999|4.582600000000001
884|6.5252|5.6624|5.6798|5.809800000000001|4.5337
885|6.3790000000000004|5.548|5.611699999999999|5.7692|4.6079
886|6.3567|5.5572|5.6507|5.8507|4.6287
887|6.464499999999999|5.592899999999999|5.6825|5.8957999999999995|4.5803
888|6.4256|5.6013|5.6583000000000006|5.8362|4.5755
889|6.5838|5.5405999999999995|5.638|5.7432|4.5843
890|6.494999999999999|5.6319|5.6935|5.894|4.5562000000000005
891|6.5071|5.5889|5.6852|5.8757|4.5565
892|6.4663|5.557300000000001|5.6696|5.890300000000001|4.6023
893|6.322800000000001|5.561699999999999|5.6423000000000005|5.8504000000000005|4.6106
894|6.447500000000001|5.5618|5.6448|5.7891|4.5897
895|6.569000000000001|5.634100000000001|5.695600000000001|5.836899999999999|4.4883
896|6.534300000000001|5.577800000000001|5.6656|5.8261|4.5712
897|6.4644|5.5965|5.6757|5.8663|4.5699000000000005
898|6.404100000000001|5.5916999999999994|5.6632|5.824600000000001|4.5888
899|6.447000000000001|5.5958|5.6796999999999995|5.8909|4.5784
900|6.342|5.5372|5.6427|5.845000000000001|4.6673
901|6.588699999999999|5.6515|5.6988|5.8351999999999995|4.4822
902|6.333|5.5616|5.657100000000001|5.876100000000001|4.6259
903|6.442|5.594399999999999|5.664600000000001|5.8332|4.6044
904|6.4364|5.4513|5.595600000000001|5.7277000000000005|4.6894
905|6.460100000000001|5.5792|5.6487|5.8188|4.6065000000000005
906|6.4927|5.6285|5.6850000000000005|5.866600000000001|4.5373
907|4.6487|4.136699999999999|4.8759999999999994|5.040399999999999|5.8422
908|6.3407|5.3532|5.5811|5.7623999999999995|4.7118
909|6.442|5.4618|5.5815|5.673|4.6649
910|6.352|5.5999|5.6703|5.875100000000001|4.593
911|6.301|5.5112|5.603600000000001|5.783899999999999|4.7301
912|6.5893|5.6621999999999995|5.6966|5.8121|4.4701
913|6.4799|5.596899999999999|5.666600000000001|5.845000000000001|4.5763
914|6.474600000000001|5.576600000000001|5.6696|5.8609|4.5859
915|6.5548|5.575399999999999|5.6593|5.7897|4.5541
916|6.5139|5.6982|5.7059999999999995|5.874899999999999|4.4965
917|6.461|5.6528|5.707899999999999|5.9104|4.520700000000001
918|6.4887|5.6076999999999995|5.6674999999999995|5.8477|4.5687
919|6.4133000000000004|5.5147|5.625399999999999|5.7963|4.6603
920|6.523|5.6021|5.6602|5.8007|4.5618
921|6.2756|5.6165|5.6416|5.8946|4.6509
922|6.5168|5.6067|5.673|5.827100000000001|4.515000000000001
923|6.4304|5.5376|5.6385|5.815|4.6296
924|6.584300000000001|5.7388|5.7376000000000005|5.9112|4.4889
925|6.445499999999999|5.539|5.656499999999999|5.854600000000001|4.6242
926|6.6000000000000005|5.7395|5.7431|5.9404|4.4813
927|6.4632000000000005|5.562399999999999|5.6719|5.8763|4.5946
928|6.5083|5.601000000000001|5.6674999999999995|5.8077000000000005|4.5557
929|6.4973|5.6331999999999995|5.692500000000001|5.857899999999999|4.5058
930|6.480199999999999|5.552600000000001|5.649100000000001|5.8117|4.582600000000001
931|6.404300000000001|5.5201|5.637|5.8194|4.6239
932|6.469899999999999|5.545399999999999|5.656600000000001|5.8277|4.596
933|6.497000000000001|5.5777|5.6693999999999996|5.8408999999999995|4.5760000000000005
934|6.5283|5.6299|5.6884999999999994|5.8614999999999995|4.5392
935|6.4564|5.512100000000001|5.6196|5.7585|4.6196
936|6.5698|5.5695|5.650500000000001|5.7726|4.565799999999999
937|6.4995|5.592699999999999|5.6705000000000005|5.8177|4.5319
938|6.501200000000001|5.5931999999999995|5.657300000000001|5.7885|4.5618
939|6.4935|5.576600000000001|5.6635|5.8324|4.5806000000000004
940|6.482899999999999|5.5983|5.6754999999999995|5.859800000000001|4.556
941|6.522|5.5981000000000005|5.666399999999999|5.808399999999999|4.553599999999999
942|6.493899999999999|5.629|5.676899999999999|5.8405|4.5424
943|6.4597|5.6011999999999995|5.6798|5.862699999999999|4.5607999999999995
944|6.4676|5.577800000000001|5.6731|5.8613|4.5823
945|6.4558|5.5747|5.676899999999999|5.878299999999999|4.5809
946|6.621|5.653600000000001|5.686100000000001|5.8049|4.4875
947|6.438699999999999|5.6281|5.6826|5.886899999999999|4.5491
948|6.4576|5.6133999999999995|5.6826|5.847100000000001|4.5657
949|6.5203|5.6442000000000005|5.698499999999999|5.8773|4.5454
950|6.488|5.6276|5.6725|5.8332|4.549
951|6.470199999999999|5.523899999999999|5.632899999999999|5.795399999999999|4.618100000000001
952|6.460100000000001|5.551500000000001|5.6463|5.835|4.6089
953|6.586600000000001|5.6562|5.6762|5.819|4.5362
954|6.4887|5.6392|5.694600000000001|5.878299999999999|4.512100000000001
955|6.4270000000000005|5.597300000000001|5.6715|5.8827|4.564500000000001
956|6.5259|5.575|5.6438999999999995|5.760999999999999|4.5645999999999995
957|6.377800000000001|5.6665|5.695100000000001|5.8425|4.5436
958|6.492899999999999|5.5693|5.657100000000001|5.8104|4.5605
959|6.4073|5.678100000000001|5.6850000000000005|5.8575|4.567600000000001
960|6.4013|5.5032000000000005|5.629999999999999|5.8235|4.6357
961|6.3823|5.5823|5.655399999999999|5.8641|4.6224
962|6.4749|5.6303|5.680199999999999|5.883699999999999|4.575
963|6.4698|5.5714|5.6615|5.844|4.5929
964|6.4766|5.603100000000001|5.6714|5.8862000000000005|4.6091
965|5.269699999999999|4.7027|5.1595|5.3185|5.351600000000001
966|6.4368|5.567|5.6609|5.837|4.5892
967|6.4069|5.5681|5.6577|5.8498|4.602600000000001
968|6.4973|5.6000000000000005|5.664|5.8042|4.5504
969|6.4689|5.6141000000000005|5.6821|5.872000000000001|4.5637
970|6.465199999999999|5.4698|5.605|5.735100000000001|4.6552
971|6.4386|5.5808|5.654399999999999|5.7916|4.5679
972|6.2752|5.482899999999999|5.606800000000001|5.799300000000001|4.7179
973|6.407500000000001|5.6213|5.6784|5.898899999999999|4.5766
974|6.4644|5.5898|5.6698|5.853000000000001|4.5794
975|6.4439|5.4386|5.5665|5.6609|4.7212
976|6.5471|5.6008000000000004|5.677|5.8125|4.5134
977|6.4799|5.587999999999999|5.6747000000000005|5.8631|4.5837
978|6.5364|5.598|5.6753|5.8115000000000006|4.5297
979|6.494|5.5675|5.647399999999999|5.7795|4.5519
980|6.4066|5.4605999999999995|5.596399999999999|5.7471000000000005|4.7105999999999995
981|6.5037|5.6374|5.6934|5.858300000000001|4.5195
982|6.475|5.619300000000001|5.695600000000001|5.887700000000001|4.541
983|6.4247|5.581|5.6758|5.8728|4.5922
984|6.3366|5.5716|5.629499999999999|5.8045|4.646100000000001
985|6.3937|5.5971|5.6762|5.8936|4.5933
986|6.4666|5.6481|5.697399999999999|5.876100000000001|4.5259
987|6.4257|5.5835|5.6789000000000005|5.9030000000000005|4.6004000000000005
988|6.510699999999999|5.641500000000001|5.7031|5.8983|4.527
989|6.4181|5.5813999999999995|5.6466|5.804|4.61
990|6.2698|5.4929|5.611199999999999|5.8513|4.704400000000001
991|6.395300000000001|5.5762|5.6636999999999995|5.8614|4.5885
992|6.382899999999999|5.4663|5.6066|5.7532|4.6655
993|6.4874|5.5605|5.661899999999999|5.8351999999999995|4.5775
994|6.4553|5.5611|5.6508|5.818300000000001|4.5997
995|6.44|5.5677|5.6473|5.8214|4.6204
996|6.4788|5.5923|5.6699|5.8229|4.5519
997|6.4749|5.5373|5.6357|5.779800000000001|4.606199999999999
998|6.497000000000001|5.6004|5.689|5.8821|4.5663
999|6.5219|5.6613999999999995|5.6918999999999995|5.8597|4.5057
1000|6.543|5.6194|5.6921|5.8566|4.5193
1001|6.5651|5.7218|5.735799999999999|5.9030000000000005|4.4643
1002|6.3163|5.5186|5.6328|5.8582|4.6858
1003|6.4085|5.533100000000001|5.6625000000000005|5.876100000000001|4.6129999999999995
1004|6.4748|5.6176|5.6865|5.886399999999999|4.5472
1005|6.4373000000000005|5.551699999999999|5.653100000000001|5.8229|4.6042
1006|6.4666|5.6813|5.7002|5.8855|4.5532
1007|6.611199999999999|5.6219|5.6963|5.8683|4.5289
1008|6.4864999999999995|5.586399999999999|5.6784|5.878899999999999|4.5753
1009|6.3984|5.619800000000001|5.6953|5.913399999999999|4.549
1010|6.510600000000001|5.623899999999999|5.6899|5.8843|4.5548
1011|6.370100000000001|5.4855|5.6094|5.7817|4.680000000000001
1012|6.4047|5.6098|5.6703|5.8617|4.5977
1013|6.4318|5.5472|5.647|5.805|4.599
1014|6.501799999999999|5.6384|5.6855|5.8326|4.527900000000001
1015|6.4985|5.6419|5.6965|5.9064|4.5701
1016|6.6204|5.6338|5.691199999999999|5.820499999999999|4.4881
1017|6.357|5.5105|5.6408000000000005|5.8725000000000005|4.6628
1018|6.442100000000001|5.563700000000001|5.6486|5.8182|4.619
1019|6.404300000000001|5.484999999999999|5.6299|5.816|4.6495
1020|6.4959999999999996|5.5715|5.6709|5.858499999999999|4.5803
1021|6.4181|5.589499999999999|5.6589|5.8451|4.6098
1022|6.4056|5.5257000000000005|5.633|5.826899999999999|4.6479
1023|6.4786|5.5023|5.6283|5.7623|4.5887
1024|6.511899999999999|5.6521|5.6789000000000005|5.8565000000000005|4.5449
1025|6.4959999999999996|5.594799999999999|5.662599999999999|5.819|4.5440000000000005
1026|6.5280000000000005|5.6165|5.6855|5.854699999999999|4.5458
1027|6.381600000000001|5.6242|5.6886|5.9197|4.5904
1028|6.482799999999999|5.5628|5.6767|5.8621|4.5729
1029|6.5054|5.6862|5.7209|5.9191|4.4908
1030|6.588000000000001|5.6671000000000005|5.6915000000000004|5.8149|4.4751
1031|6.3344000000000005|5.5562000000000005|5.664100000000001|5.8948|4.6113
1032|6.339199999999999|5.5635|5.6491999999999996|5.843699999999999|4.6208
1033|6.4367|5.5078000000000005|5.628|5.7955000000000005|4.6437
1034|6.4788|5.4818|5.603100000000001|5.752199999999999|4.6866
1035|6.4723|5.6653|5.6976|5.870000000000001|4.5131
1036|6.439699999999999|5.521699999999999|5.6325|5.8291|4.649
1037|6.3488999999999995|5.5983|5.664899999999999|5.871499999999999|4.608100000000001
1038|6.4777|5.6062|5.6911000000000005|5.8972|4.5518
1039|6.511899999999999|5.6099|5.6794|5.857100000000001|4.5465
1040|6.5085999999999995|5.586399999999999|5.6745|5.837899999999999|4.5649
1041|6.381399999999999|5.5867|5.6568000000000005|5.8584|4.613300000000001
1042|6.564399999999999|5.6328|5.695899999999999|5.8392|4.4978
1043|6.470000000000001|5.601000000000001|5.6685|5.8612|4.575699999999999
1044|6.4428|5.551699999999999|5.6623|5.8633999999999995|4.606
1045|6.329899999999999|5.523600000000001|5.635399999999999|5.853899999999999|4.6775
1046|6.4106000000000005|5.6066|5.6789000000000005|5.89|4.587
1047|6.483|5.6442000000000005|5.6767|5.852|4.5439
1048|6.3725|5.5506|5.626399999999999|5.8186|4.6508
1049|6.449600000000001|5.5383000000000004|5.628|5.7855|4.6014
1050|6.5732|5.5977|5.6771|5.8332|4.5184999999999995
1051|6.4209|5.5255|5.6292|5.7998|4.6367
1052|6.5113|5.6155|5.6782|5.8412|4.536
1053|6.5357|5.714700000000001|5.7328|5.9143|4.4581
1054|6.564800000000001|5.6577|5.693899999999999|5.9038|4.546200000000001
1055|6.4254|5.584899999999999|5.6715|5.878399999999999|4.6125
1056|6.5579|5.6252|5.704199999999999|5.8950000000000005|4.5213
1057|6.472799999999999|5.5505|5.6386|5.7692|4.5908999999999995
1058|6.509|5.6726|5.6875|5.838899999999999|4.5206
1059|6.4993|5.613199999999999|5.6909|5.8703|4.522
1060|6.449699999999999|5.5578|5.6489|5.808399999999999|4.5950999999999995
1061|6.4549|5.5621|5.6403|5.801699999999999|4.597100000000001
1062|6.4296999999999995|5.5571|5.649699999999999|5.836|4.619
1063|6.3847|5.6019|5.668100000000001|5.8824|4.5888
1064|6.5108|5.584|5.6765|5.858600000000001|4.570600000000001
1065|6.5508999999999995|5.577|5.6384|5.7686|4.5711
1066|6.457199999999999|5.5776|5.6658|5.8713999999999995|4.6042
1067|6.44|5.5978|5.6648|5.8255|4.5754
1068|6.5604|5.7057|5.7143|5.901300000000001|4.5001999999999995
1069|6.5143|5.618499999999999|5.6804|5.8621|4.552300000000001
1070|6.3746|5.6323|5.6829|5.882199999999999|4.5724
1071|6.3912|5.5785|5.6481|5.8637|4.6428
1072|6.5024|5.5676000000000005|5.6724|5.8515|4.5589
1073|6.4723999999999995|5.6165|5.687600000000001|5.864000000000001|4.5358
1074|6.487699999999999|5.5714|5.6589|5.8294999999999995|4.569
1075|6.474600000000001|5.627|5.6843|5.8504000000000005|4.5392
1076|6.562100000000001|5.672000000000001|5.7012|5.870699999999999|4.5088
1077|6.4756|5.5691999999999995|5.6703|5.8519|4.5964
1078|6.4224|5.5971|5.6636999999999995|5.8527|4.5950999999999995
1079|6.3149|5.524899999999999|5.6152999999999995|5.815|4.6906
1080|6.4925|5.572600000000001|5.662699999999999|5.8285|4.5753
1081|6.5427|5.583399999999999|5.6517|5.753699999999999|4.5436
1082|6.524900000000001|5.5882|5.660500000000001|5.7863|4.527
1083|6.505999999999999|5.6033|5.6884999999999994|5.8486|4.527600000000001
1084|6.404|5.631399999999999|5.6767|5.8915|4.6011999999999995
1085|6.5291|5.5925|5.675|5.8235|4.5313
1086|6.501600000000001|5.644100000000001|5.694100000000001|5.875399999999999|4.5278
1087|6.5662|5.652699999999999|5.7094000000000005|5.8673|4.476
1088|6.53|5.6562|5.6873000000000005|5.855|4.4912
1089|6.4743|5.5741000000000005|5.6782|5.8794|4.571
1090|6.484100000000001|5.601500000000001|5.6674999999999995|5.836600000000001|4.565
1091|6.4648|5.6183000000000005|5.6777|5.848899999999999|4.5699000000000005
1092|6.477500000000001|5.5921|5.6689|5.8297|4.5642
1093|6.426699999999999|5.6262|5.6736|5.8232|4.569500000000001
1094|6.5175|5.6338|5.6892|5.8493|4.5219
1095|6.359100000000001|5.4569|5.5994|5.7607|4.6772
1096|6.503899999999999|5.6019|5.6853|5.8691|4.557
1097|6.557500000000001|5.6977|5.707300000000001|5.8713999999999995|4.4896
1098|6.3634|5.4981|5.629300000000001|5.8214|4.6579
