userId|rating|itemId|cityId
1|5|3|1
4|5|88|67
5|5|96|73
6|5|103|37
6|4|104|78
7|4|115|86
7|4|118|87
7|4|119|87
7|3|121|3
7|5|126|91
7|4|127|91
9|5|169|122
9|2|179|8
9|2|180|8
10|4|199|131
10|3|210|8
10|2|212|139
10|5|221|144
10|1|222|8
10|4|223|8
10|4|231|146
12|5|280|167
12|5|287|170
13|5|315|8
13|5|316|8
13|4|318|180
13|5|337|188
13|4|340|190
13|4|341|190
13|2|343|190
14|4|361|11
14|3|362|11
14|5|377|8
14|4|413|215
14|4|414|216
14|4|416|217
14|3|431|227
14|5|440|9
15|5|458|245
16|5|501|267
16|2|502|267
16|4|505|267
16|4|507|269
16|5|508|267
16|3|510|267
16|5|511|270
16|5|512|270
17|4|528|279
17|5|529|280
17|4|533|88
17|5|534|88
17|5|535|88
17|4|536|88
19|5|553|291
19|3|555|293
19|5|566|227
19|3|573|304
19|4|586|8
19|5|587|189
20|4|687|344
20|4|692|347
20|5|696|350
20|3|700|327
20|4|701|352
21|2|707|193
21|5|711|305
21|5|712|193
21|5|714|283
21|5|716|193
21|5|717|358
21|5|718|34
22|2|738|320
23|5|744|372
23|4|745|375
23|5|746|376
23|5|748|377
23|5|750|336
23|5|751|378
23|4|752|378
23|5|756|372
23|5|757|372
23|4|761|383
23|4|765|211
23|5|766|211
23|5|767|109
23|4|770|385
23|5|772|386
23|5|781|391
23|5|782|392
23|5|786|394
23|4|799|378
23|5|801|354
23|5|802|354
23|5|803|354
24|5|846|116
24|5|847|116
25|2|860|436
25|5|865|440
26|5|884|4
26|4|890|4
26|3|891|4
27|4|894|8
27|4|895|8
27|4|896|8
27|5|898|312
27|5|900|312
27|5|926|458
27|2|933|461
27|3|937|274
27|4|938|461
27|5|941|272
27|4|942|272
27|5|943|459
27|4|944|274
27|3|946|466
27|3|947|466
27|5|948|466
27|5|950|274
27|4|959|452
27|4|960|452
27|5|967|450
27|4|968|450
27|5|973|327
27|5|975|34
27|5|976|34
27|5|977|34
27|2|718|34
27|5|1000|483
28|5|1018|496
28|5|1019|497
28|5|1024|332
28|5|1025|332
28|4|1027|499
28|5|1030|501
28|5|1032|503
28|5|1038|498
28|4|1039|504
28|5|1040|498
28|5|1041|498
28|4|1042|498
29|5|1051|509
29|4|1052|509
29|4|1053|509
30|5|1083|272
30|5|1084|272
30|5|1088|229
30|5|1090|521
30|4|1096|522
30|5|1097|522
31|5|1112|529
31|5|1113|274
31|5|1114|274
31|5|1115|274
31|4|1116|252
33|5|1149|16
34|5|1156|556
34|4|1157|265
34|4|1164|8
34|5|1175|386
34|4|1189|563
34|4|1192|564
34|3|1193|565
34|2|1194|564
34|4|1198|566
34|4|1199|566
34|4|896|8
34|3|1204|567
34|5|1205|567
34|4|1206|567
34|4|1208|565
34|5|1209|565
34|3|1216|162
34|5|1217|162
34|3|1218|162
34|4|1219|162
34|2|1232|572
36|3|1244|18
36|4|1246|579
36|2|1247|579
36|4|458|245
36|3|1257|245
36|3|1258|583
36|5|1260|245
36|3|1271|579
36|4|1276|311
36|2|1285|311
36|4|1296|581
36|5|1297|581
36|3|1299|581
37|4|1305|593
37|4|1328|600
37|5|1333|170
37|3|1335|170
37|3|1336|603
37|4|1345|609
37|4|1346|8
37|5|1352|110
37|2|1353|110
37|4|1358|68
37|5|1360|68
37|2|1364|34
37|3|1372|391
37|4|1378|597
37|5|1380|599
37|5|1390|34
37|5|1395|617
37|2|1398|620
37|3|1399|621
37|5|1400|622
37|5|1427|629
37|3|1431|631
37|5|1440|633
37|5|1441|598
37|4|1442|598
37|2|1444|634
37|3|1447|636
37|5|1448|637
37|4|1453|639
37|5|1458|640
37|5|1467|304
37|4|1472|385
37|1|1474|594
37|3|1475|311
37|4|1479|594
37|1|1481|642
38|4|1501|628
38|5|1502|628
38|5|1503|628
38|5|1529|34
38|5|1534|34
38|5|1541|660
38|5|1543|628
40|5|1555|665
40|5|1558|666
40|5|1559|666
40|5|1577|669
40|5|1581|672
40|5|1592|673
40|3|937|274
40|5|1115|274
40|5|950|274
40|5|1598|676
40|5|1604|666
41|5|1623|431
41|5|1625|683
41|5|1626|684
41|5|1632|688
41|5|1642|4
41|5|1647|189
41|5|1649|683
41|5|1652|294
41|3|1655|372
41|5|1662|372
41|5|1663|372
41|5|1670|87
41|2|1685|695
41|5|1693|304
42|3|1771|58
43|5|1784|744
44|5|1793|747
44|5|1798|4
44|5|1800|4
44|5|1807|752
44|5|1808|193
44|5|1812|749
44|5|1813|754
44|5|1815|149
45|5|1825|347
46|5|1838|34
46|5|712|34
47|3|1849|768
47|5|1850|769
47|5|1851|414
47|5|1852|414
47|5|1853|414
47|5|1859|773
48|5|1879|467
48|4|1887|777
50|5|1949|431
50|4|1950|431
50|5|1959|294
50|5|1964|448
50|5|2009|322
52|5|2120|675
52|4|2124|870
52|1|2126|872
52|4|2133|875
52|5|2140|869
52|5|2142|874
52|4|2145|877
52|5|2146|878
52|5|2147|167
52|5|2149|167
52|5|2160|874
52|4|2161|874
52|4|2162|874
52|3|2165|874
52|5|2169|874
52|4|1276|311
52|5|2174|149
52|3|2175|149
52|5|2176|149
52|4|2181|876
52|4|2182|876
52|5|2183|876
52|5|2186|882
52|4|2191|883
52|5|2192|882
52|4|2193|884
52|4|2197|885
52|3|2200|870
53|4|2205|889
55|5|2253|68
55|5|2254|68
55|5|2255|68
55|3|2256|149
55|5|2257|45
56|5|2264|76
57|5|2298|925
57|1|2300|927
57|4|2303|467
57|4|2304|467
57|5|2298|925
57|5|2305|467
57|4|2307|53
58|5|2319|931
58|4|2340|939
58|5|2345|87
60|3|2364|951
60|4|2375|951
61|5|2384|370
61|5|2388|370
61|5|2389|370
61|5|2391|170
61|5|2392|170
61|5|1335|170
61|5|2396|34
61|5|1838|34
61|4|2397|34
61|5|2398|34
61|5|2403|11
61|5|2404|11
62|4|2537|305
62|5|2573|305
62|5|2650|998
64|5|1555|665
64|5|2706|1016
64|3|2707|1017
64|4|2709|1019
65|5|2720|1029
65|5|2721|1029
65|5|2722|1029
66|5|2747|68
67|5|2754|1039
67|5|2755|1038
67|5|2758|1038
67|5|2762|1038
67|5|2758|1038
68|5|2779|305
68|5|2780|305
70|4|2799|302
70|4|2805|1053
70|4|2812|1058
70|4|2823|1063
70|4|2825|330
70|4|2826|330
70|4|2827|330
70|4|2847|1068
71|5|2903|1087
71|5|2909|1092
71|5|2912|34
71|5|2913|34
71|4|2915|34
71|3|2918|34
71|5|2920|193
74|5|2976|310
74|3|2985|1118
75|5|2999|518
75|4|3005|45
77|1|2397|8
77|5|3019|1108
77|4|3020|1129
77|3|3022|1131
77|5|3024|8
78|3|3033|1133
78|5|3035|1133
78|1|3036|1133
78|5|3045|193
78|5|3060|280
78|5|3067|193
78|3|3077|311
78|5|3099|193
78|4|3100|193
78|3|3105|303
78|4|3106|303
78|4|3107|303
78|3|3110|303
78|5|3132|311
78|4|1276|311
78|5|3133|311
78|5|3144|303
78|5|3171|294
78|5|3133|311
78|3|1258|583
78|5|3179|4
79|5|3188|436
79|4|3190|1143
80|4|3201|1144
80|4|3202|52
80|4|3203|52
82|5|3244|8
83|5|3251|1163
83|5|3252|1164
84|3|3255|1165
84|1|3260|1167
84|4|3261|69
84|5|3262|69
84|4|3263|69
84|3|3264|69
85|4|3271|68
85|5|2253|68
85|5|3273|1168
85|5|3274|68
85|4|3275|68
85|5|2254|68
85|5|2255|68
85|4|3276|68
85|5|3282|1172
85|4|3289|556
85|4|3292|4
85|4|3296|418
85|5|3298|4
85|5|3299|4
85|5|1800|4
85|5|3301|1176
85|3|3303|1177
85|5|3314|87
85|5|3316|1179
85|3|3320|1181
85|5|3323|5
85|4|3328|193
85|5|3329|1098
85|5|3330|1098
85|5|3345|672
85|5|3347|1189
86|5|3364|72
87|3|3370|4
87|3|3372|18
87|4|3375|436
87|5|3376|68
87|5|3377|1193
87|4|3381|1195
89|4|3410|270
89|2|3411|1203
89|5|3412|469
91|4|3434|52
93|4|3541|1262
93|3|3551|1254
94|3|3572|1269
94|5|3576|70
94|5|3579|1273
94|5|3580|1269
94|1|3581|1274
94|2|3583|1274
94|5|3584|1274
94|4|3586|1274
94|4|3590|70
95|3|3594|1277
95|5|3597|1280
95|3|3600|149
95|5|3602|1280
95|5|3605|685
95|3|3608|1283
95|4|3609|431
95|4|3610|431
95|5|3612|345
95|4|3616|346
95|4|3617|107
95|4|3619|1286
95|4|3620|301
95|4|3621|1287
95|1|3630|193
95|4|3631|193
95|4|3632|193
95|4|3633|193
95|4|3638|4
95|3|3639|4
95|5|3640|4
95|3|3641|4
95|5|3642|4
95|5|1798|4
95|4|3643|4
95|1|3646|1293
95|3|3647|1294
95|5|3649|1295
95|5|3650|411
95|5|3651|411
95|5|3652|411
95|5|3653|411
95|5|3654|411
95|5|3655|411
95|5|3656|1296
95|3|3658|112
95|4|3659|1297
95|4|3660|112
95|5|3662|998
95|5|3664|1299
95|5|3665|42
95|4|3666|525
95|5|3673|181
95|4|3674|181
95|4|3678|180
95|4|3679|180
95|4|3680|180
95|5|3683|180
95|5|3685|1302
95|4|3690|1304
95|5|3691|1305
95|4|3693|1307
95|5|3699|1309
95|5|3704|1311
95|4|3705|1311
95|3|3707|356
95|4|3708|646
95|5|3709|1312
95|4|3712|170
95|3|1335|170
95|3|3717|328
95|4|3718|328
95|4|3719|328
95|3|3721|1313
95|4|3727|314
95|4|3729|1314
95|5|3730|1315
95|4|3735|529
95|4|3736|53
95|3|3738|1316
95|5|3745|1317
95|4|3746|1319
95|2|3747|215
95|4|3748|215
95|4|3749|215
95|3|3750|215
95|4|414|216
95|5|3756|1320
95|4|3721|1313
95|4|3757|329
95|5|3758|1321
95|3|3763|261
95|4|3766|63
95|3|3767|1203
95|3|3769|467
95|5|3770|1322
95|4|3771|265
95|4|3773|467
97|1|3811|1336
99|5|3837|1347
99|4|3839|1348
99|5|3840|3
100|5|3862|254
100|5|3864|1355
100|4|3865|606
100|4|3867|1354
100|5|3869|1358
100|5|3875|1357
100|4|3876|1360
100|5|3877|1360
100|5|3878|1360
101|3|938|461
101|4|3882|1363
102|5|3895|63
102|5|3897|1369
102|5|3901|1371
102|2|3903|1373
102|5|3901|1371
102|3|3905|1374
102|5|3907|1376
102|5|3908|1377
103|4|3909|68
103|4|3911|68
103|4|3912|68
103|5|3916|162
103|5|1217|162
103|3|3917|162
103|5|3918|1378
103|4|3919|1378
103|5|3920|162
103|5|1217|162
103|3|3921|162
103|4|3922|162
103|5|3923|162
103|3|1216|162
103|2|3924|1348
103|3|1218|162
103|3|3929|162
103|1|3930|162
103|5|3931|327
103|5|3932|1378
103|2|3933|1378
103|2|3934|1378
103|3|3936|366
103|3|3937|149
103|3|3938|149
103|3|3940|1379
103|5|3941|608
103|3|3947|386
103|5|3949|1381
103|2|3950|366
103|3|3951|366
103|3|3954|149
104|4|3978|1388
104|4|3993|556
104|5|3995|1360
104|4|4001|1388
104|4|4003|1388
104|5|4005|1360
104|5|4021|1126
105|5|4062|639
105|5|4063|34
105|5|4064|639
105|5|2398|34
105|5|4068|311
105|5|1276|311
106|5|4070|225
107|5|4081|512
107|5|4082|512
107|5|4083|512
107|4|4085|1401
107|4|4095|518
107|5|4096|518
107|5|4097|518
107|1|4107|1186
109|5|4131|451
110|5|4149|1087
110|4|4153|694
110|4|4155|694
110|5|4157|1414
110|5|4158|54
110|5|4159|2
110|5|4162|550
110|5|4163|550
110|5|4165|550
110|5|3666|525
110|5|4169|550
110|5|4171|1415
110|5|4175|1078
110|5|1670|87
110|5|4178|306
110|5|4181|306
110|5|4182|306
110|5|4183|306
110|4|4184|306
110|4|4185|306
110|5|4186|306
110|5|4187|306
110|5|4188|306
110|5|4189|306
110|5|4190|306
111|3|4217|193
111|5|4224|1426
113|5|4258|68
113|5|4260|672
113|5|3345|672
114|5|4269|1438
114|5|4270|436
114|5|860|436
114|5|4271|436
114|5|4272|436
114|5|4273|436
114|5|4274|1439
114|5|4275|434
114|5|4276|1440
114|5|4277|1441
114|5|4278|294
114|5|4279|294
114|5|4280|1442
114|4|3641|4
114|5|4282|1443
114|5|4283|1444
114|5|4284|418
114|5|4285|156
114|5|4287|1445
114|4|4289|1445
114|5|4290|1445
114|5|4291|1445
114|5|4292|875
114|5|4293|149
114|4|4294|1446
114|5|4297|1448
114|5|4298|1448
114|5|4299|1448
114|5|4309|305
114|5|4313|305
114|5|4314|305
114|5|4315|305
114|5|4316|305
114|5|2573|305
114|5|4317|353
114|5|4318|520
114|5|4320|520
114|5|4321|1451
114|4|4323|336
114|5|4324|1452
114|5|4325|1453
114|5|3940|1379
114|5|4327|252
114|5|4329|1455
114|5|4330|1456
114|5|4331|314
114|5|4332|391
114|5|4333|391
114|5|4334|391
114|5|4335|1444
114|5|4336|1444
114|5|4337|314
114|5|4338|314
114|5|4340|314
114|5|3727|314
114|5|4347|37
114|5|4348|37
114|5|4349|512
114|5|4349|512
114|5|4351|824
114|5|4353|149
114|5|2175|149
114|5|4354|149
114|3|2174|149
114|5|4355|149
114|5|4358|1460
114|4|4360|442
114|5|4363|1461
114|4|4365|1463
116|4|4405|114
116|4|4406|114
116|4|4412|1479
116|4|4421|1480
117|4|4445|1239
118|3|4460|957
118|3|4469|280
118|5|4472|639
118|4|4476|285
118|3|1156|285
118|4|4481|285
118|5|4482|285
118|5|4488|1407
118|3|4489|1407
118|5|4499|88
118|5|4510|88
118|5|4511|34
118|5|4512|34
118|5|4513|327
119|5|973|327
119|5|4524|46
120|5|938|461
125|5|4648|261
125|4|4656|167
125|4|4657|714
126|5|4671|305
126|4|4672|305
126|5|4676|193
126|5|4679|3
127|5|4680|535
127|5|4681|535
129|1|4696|115
129|5|1115|274
130|5|4710|1540
130|5|4711|1540
130|5|4722|1545
131|2|4741|1556
131|3|4745|1560
131|3|4746|1560
131|2|4751|76
131|5|4757|1566
131|5|4767|1568
131|5|4768|8
131|5|4769|35
131|4|4784|245
131|5|4785|1575
131|2|4787|18
132|5|4794|1409
132|5|4796|402
132|5|4799|35
132|5|4800|162
132|4|4803|189
132|5|4807|1580
132|5|4808|1580
132|5|4809|1582
132|5|4810|325
132|5|4811|325
132|5|4812|325
132|5|4820|1585
132|5|4821|35
132|5|4822|274
133|5|4840|265
133|5|4841|265
133|4|4842|265
133|4|4843|265
133|5|4844|265
133|4|4845|265
133|5|2303|467
134|4|4851|327
134|5|4336|1444
134|5|4856|275
134|4|4857|275
134|4|4858|275
134|5|4860|8
134|5|4861|8
134|5|4862|1598
134|5|4863|8
134|5|4866|1330
134|4|4868|1330
134|5|4869|1330
134|5|894|8
134|5|4882|1599
134|5|4883|1600
134|4|4884|1132
134|5|4885|1132
134|4|4886|539
134|5|4888|1444
134|5|3693|1307
134|4|4896|1602
134|5|4898|1604
134|5|4904|1487
134|2|4905|1487
134|5|4906|1487
134|4|4909|433
134|4|4911|710
134|4|4914|271
134|5|4920|68
134|4|4794|1409
134|4|3376|68
134|5|4924|8
134|3|4927|1605
134|5|4930|177
134|4|4933|1608
134|3|1149|16
134|5|4934|1609
135|5|4940|630
135|5|4941|630
135|4|4946|327
135|3|4947|327
135|5|1815|149
135|5|4355|149
135|3|4952|353
135|5|4959|2
135|4|4960|2
135|3|4966|34
135|5|4969|34
135|5|4984|34
136|5|5043|8
137|5|5051|327
137|2|5075|76
137|5|3912|68
137|5|5092|68
138|5|5096|1623
138|5|5110|47
140|5|5126|1634
140|5|5132|1636
140|4|5133|1637
140|5|5134|4
140|5|5135|45
140|5|5144|436
144|5|5217|1665
145|4|5231|1669
145|2|5236|1670
145|5|5237|1670
146|5|5249|175
146|5|5251|122
146|5|223|8
146|5|5253|8
146|5|377|8
146|5|5255|122
146|4|5258|1675
146|5|5263|1675
146|4|5265|529
146|5|5266|58
146|5|5267|1678
148|5|5320|1688
148|4|5321|1689
148|5|5323|1690
148|5|5329|353
148|5|4317|353
148|5|5333|372
148|5|5337|113
150|4|5356|34
150|4|5360|518
150|5|5361|518
150|5|4097|518
150|5|5364|353
150|5|5366|116
150|5|847|116
150|5|5368|149
150|5|2174|149
150|5|5369|149
150|5|3937|149
150|5|5370|149
150|5|5371|149
153|5|5417|34
153|5|712|34
153|5|1853|414
153|3|5419|513
154|5|5421|524
154|5|5422|524
154|5|5424|524
154|5|5426|284
154|5|3303|1177
154|5|5429|274
154|4|5092|68
155|4|5439|1708
155|5|5467|52
156|5|5498|414
156|1|5505|126
156|5|5517|1726
157|5|5571|193
158|5|5581|332
159|4|5587|8
159|5|5589|1758
159|5|5590|1758
159|4|5596|566
161|4|5644|122
161|5|1798|4
161|3|1642|4
161|5|5668|177
161|4|5671|467
161|4|5672|467
161|4|2305|467
161|4|5673|189
161|4|5687|272
161|5|1083|272
161|1|5255|122
161|5|5711|1789
161|5|5730|1793
163|5|5757|1109
163|4|5759|1109
163|5|4189|306
163|5|5764|306
163|5|5768|816
163|5|5773|140
163|5|5774|140
163|5|5775|140
163|5|5779|475
163|4|5780|475
163|4|5782|66
163|3|5788|1810
163|5|4097|518
163|5|5791|1811
163|5|5793|149
163|5|3773|467
163|4|5672|467
163|2|2305|467
164|4|5819|1823
164|4|5820|1823
165|5|5836|311
165|5|5840|1396
165|5|5841|1396
166|5|5857|356
167|5|5868|34
167|4|2397|34
167|5|5870|34
167|2|5871|34
170|4|1800|4
171|5|5910|1841
171|5|5915|1843
171|5|5916|1843
172|3|5920|217
176|5|5991|1408
176|4|5993|1858
176|5|5996|1566
176|5|6003|1863
176|5|6004|1864
176|3|6006|1864
177|5|6025|1877
177|5|6026|1877
177|5|6027|1877
177|5|6032|1878
177|5|6037|1878
177|5|6038|1878
177|5|6039|1878
177|4|6043|180
177|4|6048|436
177|5|1529|34
177|4|6050|34
177|4|6051|34
177|5|6054|1316
177|5|6059|1882
177|5|6060|1882
177|5|6065|1883
177|5|6069|63
177|5|6071|1878
177|4|6076|63
177|5|6032|1878
177|4|6084|1887
177|5|6087|1890
179|5|6151|337
179|4|6152|337
181|5|6196|1226
183|5|6222|1242
183|5|6223|327
183|2|6224|327
184|5|1335|170
184|5|6233|170
185|5|6244|1951
186|4|6251|1954
186|4|6253|453
186|5|6255|11
186|5|6256|11
186|5|414|216
186|1|6262|215
186|4|6265|1957
186|5|6266|1957
186|5|6268|180
186|5|6270|63
187|5|6276|1758
187|5|6278|1961
187|4|2255|68
187|5|431|227
187|4|6283|1964
187|4|6284|180
187|3|6286|1964
187|4|6287|1964
187|4|6289|1758
187|5|6291|1965
187|3|6294|1966
187|4|6297|1876
187|4|6298|1876
187|4|3680|180
187|5|3680|180
187|3|6315|1072
187|4|6320|1967
187|3|6328|1969
187|3|6333|1969
187|2|6334|1970
187|5|6341|447
187|5|6342|447
187|5|6348|1108
187|3|6350|1975
187|4|6354|1072
187|4|6356|1976
187|3|6357|11
187|3|6363|11
187|3|6365|227
187|4|6370|227
187|4|6371|227
187|4|6374|447
187|3|6376|447
187|5|6341|447
187|5|6378|447
187|5|6380|447
187|4|6384|447
187|5|6386|447
188|4|210|8
188|4|6409|1719
188|5|6416|509
188|4|2397|8
188|5|5587|8
188|4|6421|8
188|5|6421|8
188|5|2397|8
188|3|6434|1988
188|5|6435|1989
188|4|4354|149
188|5|4355|149
188|4|6438|149
188|3|5370|149
188|5|6439|149
188|5|2175|149
188|5|4293|149
188|5|6410|1719
188|5|5369|149
188|5|3937|149
188|1|6409|1719
188|3|6456|126
190|5|6479|1998
190|5|6480|271
190|5|1390|34
190|5|6490|34
190|5|6491|34
190|4|6493|34
190|3|6501|2000
190|3|6502|2001
190|3|6505|2002
190|4|6510|34
190|5|1529|34
190|4|6511|2003
190|3|6512|308
190|5|6514|170
190|5|1335|170
190|4|2391|170
190|3|6515|190
190|5|6516|190
190|5|6517|190
190|5|6519|308
190|4|6520|308
190|4|6521|308
190|4|6522|308
190|3|6523|224
190|3|6524|8
190|5|180|8
190|4|6525|175
190|4|6528|8
192|5|6545|1962
192|5|6549|368
193|5|6567|362
194|4|6575|2016
194|5|6576|1507
194|4|6579|1425
194|4|6580|1425
194|3|6582|167
194|5|6583|34
194|5|6584|1242
194|4|1024|332
194|4|6586|332
194|4|6587|2018
194|5|6588|1425
194|5|6591|2019
194|4|6592|2019
194|4|6593|332
194|4|6595|332
194|5|6596|332
194|4|5417|34
194|4|6493|34
194|5|6600|34
194|4|6602|2023
194|4|6604|951
195|5|6620|193
195|3|6621|193
196|5|6626|13
197|5|6641|600
197|4|6643|534
197|3|3600|149
198|5|6655|2036
198|5|6658|2039
198|2|6659|2039
198|4|6664|2040
198|4|6670|665
199|2|6716|170
199|5|3712|170
199|5|1335|170
200|4|6734|310
201|3|6773|508
201|4|6779|2084
201|5|6785|1627
201|5|6786|1627
201|5|6807|2089
201|5|5672|467
201|4|5672|467
201|5|2305|467
202|4|6842|2097
202|4|6843|2097
202|4|6845|2098
202|2|6856|313
202|4|6859|2107
202|4|6860|271
202|5|6861|2108
202|4|6862|16
202|4|1149|16
202|3|6863|1566
202|5|6864|2109
202|4|6865|2110
202|4|6866|2110
202|5|948|2110
202|4|6867|255
202|5|6868|255
202|3|6870|255
202|5|6871|255
202|5|6872|255
202|5|6873|255
202|2|6874|255
202|5|6875|2111
202|4|6880|2107
202|5|6881|2107
202|4|6882|2112
202|5|6883|2112
202|3|6884|2112
202|3|6885|2112
202|2|6886|2112
202|4|6887|2112
202|3|6889|2112
202|3|6890|2112
202|5|6891|2112
202|2|6884|2112
202|4|6892|2113
202|4|6893|2112
202|4|6894|2112
202|5|6895|2112
202|4|6896|2112
202|4|6898|2114
202|3|6899|2115
202|4|6901|461
202|3|6902|461
202|1|6903|461
202|2|6904|461
202|4|6905|461
202|4|938|461
202|4|6913|2106
202|1|6914|2106
202|4|6916|2106
202|3|6917|2106
202|4|6918|2106
202|3|6919|2106
202|3|6920|2106
202|3|6921|2106
202|3|6922|2106
202|1|6923|2106
202|4|6924|2106
202|3|6925|2106
202|1|6926|2106
202|4|6927|2118
202|4|6928|2118
202|3|6931|2113
202|3|6949|2110
202|3|6950|2122
202|5|6955|929
202|4|6956|2106
202|3|6957|2095
202|3|6960|2113
202|2|6964|306
202|4|4178|306
202|1|6968|2095
203|2|6984|525
203|5|6986|525
203|5|3666|525
204|5|7000|2133
204|4|7002|750
204|4|7012|2135
205|5|7026|2142
207|5|7049|255
207|5|7058|741
207|5|7059|566
208|5|7074|2160
208|5|7075|2160
209|5|7077|2162
209|5|7078|2162
209|4|7079|2163
209|4|7080|1019
209|4|7081|1019
209|4|7082|1019
209|4|7087|550
209|5|7093|2168
209|4|7097|53
212|5|7187|2189
212|5|7188|2190
212|5|4905|1487
212|5|7189|2189
212|5|7190|2191
212|5|7191|1487
212|5|7192|1487
212|5|7193|1487
212|4|7195|308
212|5|7196|308
212|3|6519|308
212|4|7197|308
212|3|7198|308
212|5|7199|308
212|5|7200|308
212|5|7201|308
212|5|7206|2192
212|5|7207|2193
212|5|7208|2194
212|5|7210|2193
212|5|7211|2195
212|5|7212|2195
212|5|7213|2195
212|5|7215|2196
212|5|896|8
212|5|7216|2009
212|5|7217|2009
212|5|7220|2010
212|5|7221|2007
212|5|7222|2007
212|4|7225|2199
212|1|7226|2199
212|4|7227|2199
213|5|7232|2200
213|5|7234|2201
213|5|7238|2202
213|5|7239|2202
213|5|7240|2202
213|5|7242|8
213|4|7244|2204
213|3|7249|2205
213|4|2255|68
213|5|3274|68
213|5|2254|68
213|5|7254|11
213|5|6584|1242
213|5|1116|252
213|5|6872|255
213|5|7266|2019
214|5|7274|2209
214|5|7276|68
214|4|7277|68
214|5|7289|2215
214|5|898|312
214|4|7310|312
214|5|7313|274
215|3|7337|68
216|5|7353|329
216|5|7357|170
216|1|7362|2232
216|4|7364|270
216|5|7366|175
216|5|7367|175
217|5|7374|229
217|5|7383|2238
217|4|7386|211
217|5|7389|2241
218|5|6545|215
218|3|6262|215
218|5|7404|215
218|5|7405|2247
218|4|7409|357
220|5|7443|2256
220|4|7444|72
220|5|6549|368
220|5|7445|368
220|5|7446|368
220|4|7450|2258
220|5|4332|391
220|4|7452|391
220|5|4334|391
220|5|4333|391
220|5|7453|391
221|1|7479|876
221|4|2183|876
223|5|7489|1696
223|5|7490|1696
223|4|7508|614
223|5|6856|313
223|5|7511|2273
223|5|6779|2084
223|5|7518|2274
225|5|6549|368
225|4|7532|368
226|5|1838|34
226|5|2397|34
228|4|7565|2288
230|4|1258|583
230|5|7585|2298
230|4|7615|2314
232|4|7630|140
232|5|7634|2322
232|4|7637|235
232|4|7639|76
232|2|7649|1948
233|5|7677|1864
233|5|7700|60
233|4|7717|2349
234|3|7720|459
234|5|7721|2351
234|3|7724|459
234|3|7727|451
234|5|7730|68
235|5|7748|1445
237|5|7773|2362
237|5|7780|1637
237|5|7802|2363
237|5|7803|103
238|4|7811|298
238|2|5133|1637
239|2|7849|2378
240|5|7852|475
240|4|7856|2380
240|3|7861|34
240|5|6051|34
240|5|3895|63
241|5|7879|2383
241|5|7882|2385
241|5|7885|469
241|4|7888|469
241|1|7892|264
242|4|7896|566
242|5|7906|271
243|5|2303|467
243|4|2305|467
244|5|7933|552
244|4|7957|2400
244|5|7973|552
244|5|7974|552
245|4|7979|2245
245|4|7982|2403
245|4|7986|2404
245|4|7997|1199
245|4|7998|17
245|2|7999|17
245|5|8000|17
245|5|8001|2408
245|5|8008|2412
245|5|8009|2413
245|2|8016|2419
247|3|8028|2422
247|5|8029|2422
247|5|8031|1486
247|4|8033|1368
247|3|8035|1631
247|4|6284|180
247|4|8037|563
247|4|8040|2423
247|5|8042|1241
247|5|8047|1237
248|4|8054|2431
248|3|8083|2146
249|5|8101|8
249|5|894|8
249|3|8104|1098
249|5|3330|1098
249|3|8106|2458
250|4|8119|1122
250|4|8120|2463
250|5|8134|87
253|5|5051|2481
253|5|8189|656
253|5|8194|45
255|4|8207|312
255|5|8208|312
255|5|898|312
256|5|8218|1634
256|3|8219|599
256|5|8221|2492
256|5|8225|2494
256|4|8226|935
256|5|8227|935
256|5|8229|599
256|3|8230|599
256|5|6955|929
256|5|8233|185
256|5|8239|599
256|5|8240|2497
256|5|3289|556
256|5|8243|599
256|4|8244|2496
256|5|8245|1115
256|2|8246|45
256|5|8250|419
256|5|8252|2499
257|5|8260|63
257|5|8261|185
257|5|8262|185
257|5|8263|436
257|5|8264|436
257|5|8266|370
257|4|2389|370
257|5|8272|791
257|5|8263|436
257|5|8287|2507
257|5|8288|1089
257|5|8290|2508
257|5|8297|550
257|5|4162|550
257|5|8298|550
258|5|8301|1799
259|5|8298|550
259|5|4163|550
259|4|8341|312
259|4|8345|68
259|5|5571|193
259|5|2397|8
259|2|8365|298
261|4|8394|550
263|5|8441|1235
263|2|8442|1235
263|3|8443|1235
263|4|8444|1235
263|3|8446|53
263|4|8448|53
263|4|8451|53
264|5|8457|2532
265|5|8469|185
265|5|8473|1235
265|2|8474|63
267|5|8502|2548
267|5|8503|16
267|5|8504|2549
268|4|8513|484
268|5|5217|484
268|5|8514|484
269|4|8525|1108
269|5|8527|1129
269|5|8556|1250
270|2|8573|958
271|5|8599|8
271|4|8602|123
271|5|5217|123
271|5|8607|8
273|3|8629|2581
273|5|8631|305
273|5|8632|2582
273|5|8633|2582
274|4|8643|2584
274|5|7409|357
274|5|8646|2450
274|5|8647|492
274|5|8658|162
275|4|8660|122
275|5|8667|2566
275|3|8673|43
275|3|8674|484
275|5|8675|484
275|5|8514|484
275|3|8680|357
275|5|8682|535
275|4|8684|535
275|3|4681|535
275|4|8687|1861
275|4|8693|1861
275|4|8694|1861
275|3|8696|1861
275|4|8697|1861
275|5|8698|1861
275|5|8699|1861
275|4|8700|1861
275|3|8701|1861
275|3|8702|1861
277|5|8711|762
277|5|8712|2593
277|4|8713|2594
277|3|8714|1050
277|5|8717|528
277|5|8720|314
277|5|8721|314
277|4|8727|2117
277|4|8729|2504
277|3|8731|2596
277|5|8732|2504
277|5|8733|2597
277|5|8734|762
277|5|8735|2597
277|5|8736|2598
277|5|8729|2504
277|5|8737|2017
277|4|8738|2017
277|4|8739|1085
277|3|8740|1085
277|4|8743|2596
277|4|8744|2596
278|4|3642|4
278|5|8751|4
278|4|1798|4
278|4|2183|876
278|4|8766|34
278|5|1838|34
278|4|6600|34
278|2|8767|146
278|4|8770|2601
278|1|8772|298
278|4|4097|518
278|5|8774|327
278|5|6224|327
278|3|8776|304
279|3|8786|2084
279|4|1481|642
279|4|8792|110
279|4|8794|473
279|4|8795|473
279|5|8800|2604
279|4|8801|2604
279|5|8802|2605
279|5|8803|311
279|5|8809|2608
280|5|8823|34
280|4|8825|311
280|1|8827|45
281|5|8841|2611
281|5|8842|8
281|5|8843|2612
281|5|8845|2613
281|5|8847|8
281|3|8849|265
281|5|8850|34
283|4|7337|68
283|5|8883|2620
283|5|8895|1849
284|5|8899|470
284|4|3912|68
284|5|8907|265
284|5|8908|739
284|5|8931|1450
286|5|8941|2630
286|5|8942|2630
286|5|4841|265
286|4|8952|2364
286|4|8958|2636
286|5|8964|68
286|4|8968|1501
286|5|8969|2639
286|5|8976|189
288|5|8994|2644
288|5|8995|13
293|5|9057|2656
294|5|9068|8
294|4|9070|2658
294|3|9072|386
294|4|9073|386
294|5|1175|386
294|4|9074|2659
294|5|9075|386
294|5|9073|386
294|3|9089|929
294|5|9090|929
294|5|9091|929
294|4|9092|929
294|2|9093|929
294|4|9094|929
294|5|9095|929
294|5|9096|929
294|4|9097|929
294|3|9099|386
294|2|9100|386
294|3|9072|386
294|5|9075|386
294|5|1175|386
294|5|9101|2659
294|5|9102|386
294|3|9104|123
294|2|9105|123
296|5|9127|162
298|4|9163|2672
298|5|9165|99
301|2|4285|156
301|4|9180|608
301|4|9181|608
301|5|9182|608
302|5|3652|411
302|4|6224|327
302|4|9189|563
302|5|9193|311
302|5|9196|311
302|5|9197|311
302|4|9198|311
302|5|9199|327
302|3|5051|327
303|4|9252|2695
303|5|5780|475
303|3|9255|2689
303|4|9256|128
304|5|9272|2698
304|5|9273|1406
304|3|9275|2699
304|5|9276|2699
304|5|9277|2700
304|1|9278|34
304|4|9281|436
304|4|9282|436
304|5|9283|436
304|5|9286|68
304|5|3376|68
304|5|3912|68
304|1|9292|1332
304|4|9293|630
304|3|9294|630
304|5|9297|35
304|5|1218|162
306|5|9316|187
307|4|9334|177
307|5|9337|1384
307|4|2256|149
308|4|9366|2707
309|5|9375|550
309|5|9376|550
309|4|9382|925
310|5|1260|1764
313|5|9407|193
314|1|9414|1254
315|4|9458|2727
315|4|9460|2728
315|3|9462|2728
315|5|9463|2728
315|4|3719|328
315|5|9473|883
315|5|9474|870
315|3|9475|871
315|5|9477|2729
315|4|9478|2730
315|5|9479|156
315|5|9480|156
316|3|9499|882
316|5|9500|870
316|5|9502|882
316|2|9504|2737
316|4|9505|871
316|3|9506|882
316|5|1390|34
318|4|9510|337
318|3|9511|337
318|5|9512|337
318|3|9542|2733
319|5|9556|34
319|4|6050|34
319|5|9557|391
320|3|9575|2752
320|4|9579|1054
320|3|7310|312
322|4|9604|2759
322|3|9625|325
323|5|9652|35
323|5|4769|35
323|3|9652|35
323|5|9297|35
323|5|9656|35
323|1|9671|2768
323|4|9679|149
323|5|9680|2773
323|5|5135|45
323|4|9685|629
324|4|9693|2777
326|4|9748|2356
326|3|3271|68
326|4|9760|2806
326|5|9766|254
328|5|9786|35
330|5|9826|2819
330|3|9827|2820
330|5|9828|2819
330|5|9833|694
330|3|9835|306
330|4|9841|2004
330|5|3323|5
330|5|9847|162
330|3|9856|337
331|4|9870|2827
332|5|9879|54
332|5|9880|347
332|5|9882|54
332|5|9884|54
332|5|9885|54
332|5|9886|54
333|5|9893|2836
333|5|9894|2837
333|5|9896|2838
333|5|9900|2840
335|5|9933|683
336|4|9968|2851
336|4|9977|2562
336|5|5587|8
336|4|9985|2562
336|4|9977|2562
336|5|9987|2562
336|3|4184|306
338|5|10047|34
338|5|10048|34
338|5|6491|34
338|4|10050|34
338|5|10054|366
338|5|10055|366
338|5|10057|366
338|5|3951|366
338|5|10060|366
339|4|10070|2868
339|5|10071|2868
339|5|10072|2868
339|4|7242|8
339|5|10074|274
339|5|944|274
339|4|10075|274
339|4|10076|274
339|5|950|274
339|4|10078|475
339|5|8772|298
339|4|10080|298
339|4|10082|298
339|5|10084|1048
341|5|10136|2246
341|3|10137|2246
341|5|10138|2246
341|3|10148|163
341|5|10153|122
341|5|5255|122
341|5|10156|2879
341|5|10157|2880
341|5|950|274
341|5|10165|2883
341|4|10166|2883
341|4|10172|2885
343|5|10211|518
343|4|10213|2895
343|5|10220|534
343|4|10232|167
343|4|10234|146
343|4|10235|146
343|2|10239|1099
343|2|10245|829
343|4|10246|829
343|4|10253|2902
344|5|10261|11
344|5|10263|252
344|5|10269|8
344|5|10269|8
344|1|10283|193
346|4|10319|180
346|5|3679|180
346|5|10327|896
347|4|10341|34
347|5|6583|34
347|5|10342|34
347|5|126|91
347|4|10345|4
347|5|1115|274
347|5|10347|162
347|5|10348|4
347|3|10350|4
347|2|10355|2919
347|5|10356|193
347|5|3630|193
347|2|10357|193
347|5|10359|2921
347|5|10367|327
347|5|6223|327
347|5|6224|327
347|4|10368|327
347|5|10370|327
347|5|10373|311
347|3|9198|311
347|2|9196|311
347|5|10374|2923
347|5|10376|448
347|5|10377|581
347|4|10378|581
348|4|10387|741
348|3|10388|741
349|4|10397|522
350|3|10415|287
352|4|10459|180
352|5|7367|175
352|5|10460|175
352|5|10461|175
352|5|5672|467
353|4|10480|1939
353|5|10483|1939
353|5|10484|2943
353|5|10485|1939
353|4|10486|1939
353|4|10488|1939
353|5|10491|63
353|5|10496|1467
353|4|10498|1878
353|5|10499|63
353|5|10500|63
353|4|8260|63
353|5|10504|1467
353|5|10505|1467
353|5|10506|1467
353|5|10509|1467
354|5|10526|2951
354|4|10533|741
354|4|10534|563
354|5|10536|2954
354|5|10538|189
354|4|10540|566
354|3|10543|296
354|4|10545|2956
354|4|10549|2951
354|5|10553|34
354|4|10555|2959
354|4|10556|1294
354|5|10557|2960
355|2|10559|594
355|5|10561|162
355|5|10563|162
355|5|3916|162
355|4|3933|1378
355|5|10564|162
355|5|9101|2659
355|5|10570|386
355|5|10571|386
355|5|1175|386
355|5|10572|2961
355|4|10576|1581
355|4|3274|68
355|5|4258|68
355|4|10579|68
355|5|8345|68
356|4|10594|535
357|5|3296|418
357|5|10604|294
357|5|10609|2965
357|5|4189|306
357|5|4184|306
357|5|10614|306
357|5|3643|4
357|4|10628|4
357|5|10629|4
357|3|10634|2964
359|4|10650|2971
359|4|10651|2972
359|4|10652|2973
359|4|10654|1965
359|5|6291|1965
359|5|10655|1965
359|3|10656|1549
359|5|10658|2975
359|5|10668|2976
359|5|10669|1549
359|4|10670|1549
359|4|10671|2977
359|4|10674|2274
359|4|10675|2274
359|5|10676|2979
359|4|10678|2980
359|4|10680|2981
359|4|10681|1957
359|4|10682|791
359|4|10683|791
359|4|10684|791
359|5|8272|791
359|4|10686|791
359|5|10688|2274
359|5|10689|2274
359|4|10690|2274
359|3|10691|2983
360|5|10702|4
362|5|10741|11
363|4|10745|1330
363|4|10746|3010
363|4|10747|1330
363|4|10748|1330
363|4|10750|72
363|4|10751|175
363|4|10752|175
363|4|6525|175
363|3|10755|1360
363|3|10756|1360
363|4|10757|1360
363|5|10759|3011
363|5|10760|3012
365|1|10786|2195
365|5|10792|3015
365|5|10794|265
365|5|10797|263
365|5|10824|218
365|4|10826|385
365|4|10828|1289
366|5|10835|597
366|5|10836|597
366|5|10837|534
366|4|9199|327
366|5|10838|327
366|5|10839|327
366|4|10840|327
366|4|6224|327
366|4|10844|1254
366|5|10846|558
366|5|10847|558
366|5|10850|3026
366|4|10851|746
366|5|10853|240
366|5|10857|2039
366|4|10859|951
366|5|10863|951
366|5|10864|951
366|4|10865|951
366|5|10866|951
366|5|10872|540
366|3|10874|1163
366|5|10877|1242
366|5|10878|1242
366|5|10880|2205
367|4|10884|123
367|5|10886|1725
367|4|10887|1725
367|5|10889|252
367|5|10890|252
367|5|10891|252
367|5|10892|252
367|5|10893|252
367|5|10894|252
367|5|10895|308
367|5|6521|308
367|5|10896|1
367|5|4338|314
367|5|10899|314
367|5|4337|314
367|4|10900|314
367|4|7888|469
367|5|10902|265
367|5|10903|265
367|4|10904|1371
367|4|3901|1371
367|5|10907|99
368|5|10914|579
368|3|10916|623
368|5|10918|305
368|4|10919|1348
368|5|10920|750
368|5|10921|750
368|5|10922|356
368|5|10923|311
368|4|10926|3032
368|5|10927|3032
368|3|10944|18
368|2|10945|418
369|5|10951|739
369|5|10952|739
369|3|10953|739
369|4|10960|739
369|5|10961|63
369|4|10966|571
370|5|10983|2372
370|4|4316|305
370|4|10984|305
370|5|10985|305
370|5|2573|305
371|5|11007|265
371|4|11011|563
372|4|9197|311
372|5|11022|162
374|5|11051|3049
376|5|11075|283
376|5|11077|1248
376|4|11079|1250
376|5|11083|1249
376|5|11084|3055
379|5|11122|304
379|5|11123|304
379|5|3864|1355
379|2|11129|261
380|4|11143|272
380|4|1083|272
380|3|11150|737
380|3|11163|1054
380|4|11168|252
380|2|11169|3069
382|5|11192|185
382|5|11198|265
382|5|11201|265
382|5|11202|11
382|5|11203|265
385|5|11225|3075
388|5|8823|34
388|5|6600|34
388|5|11268|353
388|5|11279|353
388|5|11283|389
388|5|11285|1618
389|5|11287|1545
392|5|11357|3100
392|5|11358|3100
394|1|11379|2444
394|5|11384|180
395|5|11419|3116
395|5|11421|3117
395|5|11423|177
395|4|11424|2403
395|5|5668|177
395|3|11426|3118
395|2|11427|184
395|5|11424|2403
395|3|11429|3120
395|4|11430|177
395|3|10751|175
395|5|11431|2706
395|4|2183|3119
398|5|11481|3134
398|5|11483|3136
398|4|11485|685
398|5|11490|337
398|1|11520|149
399|5|11525|3151
399|5|1084|272
399|5|11534|3153
399|5|11546|3158
399|5|10896|1
399|3|11557|2954
399|5|6600|34
400|5|11569|308
400|4|11572|1664
400|5|11580|391
400|4|2305|467
400|5|11583|3162
401|5|10857|2039
402|5|11612|3166
402|3|11618|3168
402|5|11621|839
402|5|11644|3175
402|4|4360|442
405|5|11665|3180
405|5|3631|193
405|5|11694|1757
405|5|11695|1757
405|2|11696|3192
405|5|5135|45
407|3|3735|529
407|5|11749|529
408|4|11750|3205
408|5|11751|3206
408|5|11754|3208
408|5|11755|3208
408|5|11756|3208
408|5|11757|93
408|5|11759|3209
408|5|1642|4
408|4|11764|348
408|5|11765|348
408|4|11766|442
408|4|11769|3210
408|4|11770|336
408|4|11771|3211
408|4|11773|311
408|5|11774|436
408|4|11775|436
408|3|11776|436
408|3|4271|436
408|5|11777|436
408|5|4272|436
408|4|11778|436
408|5|3188|436
408|5|11780|3212
408|5|11781|3213
408|4|2999|518
408|4|11784|3214
408|5|11785|3215
408|5|11786|3216
408|2|11788|3216
408|4|11789|3217
408|4|11790|3217
410|5|11803|272
410|5|11804|272
410|5|11806|272
410|4|11807|3223
410|5|11808|272
410|4|11810|66
410|5|11811|66
410|5|11817|3224
410|4|11819|3223
410|4|11820|3223
410|5|11822|3223
410|4|11823|3223
410|5|180|8
410|5|11828|8
410|5|5587|8
410|5|1815|149
410|5|3938|149
410|5|3937|149
410|5|4355|149
410|5|5793|149
411|1|11843|2757
411|4|11845|3235
412|5|11856|1413
412|4|11865|1054
412|5|11876|3244
413|5|11896|356
413|5|11897|4
413|5|11898|4
414|4|11910|3254
414|5|11911|3255
414|5|11913|3256
414|5|11917|356
415|3|11932|1423
415|4|11933|1065
415|3|11934|1065
415|3|11935|1065
415|3|11937|1065
415|3|11944|3267
415|3|11945|8
415|3|11947|911
415|3|11948|911
415|3|11949|8
415|2|11950|8
415|4|11951|8
415|4|180|8
415|2|6312|3268
415|3|11952|8
415|3|11953|8
415|3|11954|8
415|4|11955|8
415|4|10075|274
415|3|11956|8
415|3|11958|911
415|3|11959|2884
415|4|6865|3270
415|2|11963|3272
417|2|5672|467
417|2|11973|448
417|4|11974|597
418|5|11992|3277
418|5|11993|3278
418|3|11998|88
418|5|534|88
418|5|535|88
418|5|12000|88
418|5|12004|3280
418|4|12005|3281
418|5|12006|3282
418|5|12007|3283
419|5|3106|303
419|5|9199|327
419|5|12010|68
421|5|12038|3291
421|5|12039|3291
421|5|1346|8
421|3|12049|398
421|4|12050|3292
421|5|12054|398
421|5|12055|3293
421|4|12056|939
423|4|12066|2391
423|4|12067|1925
423|4|12068|1925
423|4|3749|215
423|4|12081|1509
423|4|12085|227
423|4|4857|275
423|5|4856|275
423|4|4858|275
423|4|8976|189
423|4|12107|3298
425|5|707|193
425|5|716|193
425|5|3631|193
425|5|12151|3306
425|4|12157|248
425|4|11954|8
430|1|12231|2806
430|5|12234|270
430|4|12236|2142
430|5|12237|2142
430|5|12238|2142
430|4|7097|53
430|4|12246|53
430|5|12247|53
430|5|12248|53
430|4|12249|53
430|3|12251|229
430|5|12252|229
431|3|12254|3332
431|4|12257|3333
431|2|12263|68
431|3|12267|485
431|2|12270|3334
431|4|7852|475
431|5|12272|252
431|5|11168|252
431|4|12279|3336
431|5|12280|261
431|4|12292|3341
432|5|12305|3345
432|5|12315|436
432|5|9282|436
435|2|12388|1969
436|3|12399|563
436|4|12400|563
436|4|1189|563
437|5|12405|3377
437|1|12414|3322
438|4|12429|3379
438|5|1345|609
438|5|12436|175
438|5|10461|175
438|5|12437|3381
438|5|1335|170
439|5|4885|1132
439|5|12456|3386
439|3|12460|190
439|4|12470|3388
439|4|12471|3388
439|3|12476|252
439|2|12479|3391
439|4|12485|3390
441|4|12499|3396
441|5|12500|3397
441|5|12501|2051
441|2|12502|2051
441|5|10461|175
443|5|12531|45
443|3|6051|34
443|5|12536|3406
443|3|12541|1197
443|5|12542|3408
443|4|12544|1621
443|5|12546|1621
443|5|12550|1312
445|4|12583|3420
445|5|3364|72
445|4|2255|68
446|4|1623|431
446|3|12601|911
446|3|12609|303
446|3|12613|3423
446|3|12614|372
446|5|12630|1925
448|4|12652|306
449|4|8766|34
449|5|12656|34
449|5|12657|3428
450|4|8738|2017
450|5|12668|3434
450|5|3840|3
450|5|5369|149
450|5|12692|3439
450|5|4906|1487
451|4|7200|308
451|5|12704|308
451|5|12709|308
451|4|12731|306
452|3|12750|3447
452|5|12752|708
452|5|5419|513
452|5|12755|513
452|5|7117|685
452|4|12758|513
452|5|12759|513
452|4|12780|685
455|4|12823|1872
455|5|12825|1872
455|5|12828|1872
455|3|12831|2721
455|5|12833|2721
456|4|12842|303
456|3|12843|303
456|5|12853|520
456|5|12854|3460
456|4|12855|520
456|5|3132|311
456|4|12862|311
456|4|12864|311
456|4|12865|311
456|4|12871|3462
456|5|12873|179
456|5|12874|3463
456|5|12876|8
458|5|12888|304
459|4|12923|3471
459|5|12926|630
459|5|12927|630
459|4|12929|3308
460|3|12939|275
460|5|12940|275
460|5|12953|8
460|5|12965|3476
460|5|12972|3477
461|5|12984|3482
461|5|12987|265
461|5|6516|190
461|5|12991|386
461|5|4336|1444
461|5|12999|3485
461|5|13004|3487
461|5|13005|3487
461|5|13009|3487
461|5|13011|3484
462|5|13020|64
462|5|13021|64
462|5|13022|64
462|5|13023|451
462|5|13026|469
462|5|13030|469
462|5|13032|510
462|5|3908|1377
462|5|13042|3491
462|5|13049|265
462|4|13055|2027
464|5|13085|3023
464|3|13090|3495
464|5|13091|1246
464|5|13094|1246
464|5|13095|1246
464|5|13096|1246
464|5|10878|1242
464|4|6438|149
464|5|4354|149
464|3|3938|149
464|5|13102|149
464|5|3937|149
464|5|13106|2
464|3|13109|3095
464|4|13110|3095
464|5|13111|3095
465|5|13119|116
465|3|13121|2458
465|4|13126|2458
465|4|13136|3501
466|4|13145|1118
466|3|13147|8
467|5|13149|190
467|5|13156|8
469|5|13184|3515
469|4|13185|3515
469|4|13186|3516
469|5|13196|2476
470|5|13217|252
474|5|13289|37
474|5|13297|8
474|3|13298|8
474|5|894|8
474|4|13328|298
474|4|13329|298
474|4|13331|274
474|5|13332|274
475|5|13339|3196
475|5|13341|3550
475|4|4794|1409
475|5|13347|3549
475|4|13350|3553
475|3|1115|274
475|4|937|274
475|5|950|274
475|5|13374|252
476|4|13379|3560
476|4|6233|170
476|5|13380|170
476|4|1335|170
476|4|13383|3561
476|5|13388|3563
476|4|13389|1966
476|5|13390|3369
476|4|13407|517
476|4|13410|3567
476|5|13411|8
477|5|13421|3566
477|4|13422|797
477|3|13426|3569
477|4|7097|53
480|4|13483|841
480|5|846|116
480|3|13486|193
481|5|13510|1193
481|4|13518|294
481|4|13519|294
481|5|13521|337
481|4|13522|337
481|4|13523|337
481|4|4179|306
481|4|13525|306
481|5|13542|1100
481|5|13543|3585
481|3|10985|305
481|4|10918|305
486|3|13605|3601
486|5|13606|620
486|5|13607|622
486|4|13621|500
486|5|13622|3608
488|4|13637|3614
488|4|13638|3614
488|5|13639|3615
488|4|13641|3615
488|2|13642|3615
488|3|13643|3615
488|4|13659|263
488|4|13670|3621
488|3|13679|1450
489|3|13685|1371
489|5|13690|8
489|4|11828|8
489|5|11955|8
489|2|13694|230
489|2|13696|3625
489|4|13705|271
489|1|13706|271
489|5|13707|271
489|5|4800|162
489|5|13709|162
489|4|1219|162
489|4|1217|162
489|5|13710|162
489|4|1218|162
489|4|1216|162
489|4|13712|3626
491|4|13746|3036
491|5|13747|2070
491|4|13748|2070
491|5|13753|3036
491|5|13754|3036
491|5|13757|3631
491|5|13761|3036
491|3|13771|3235
496|4|13813|3645
496|5|13817|473
496|5|13821|534
496|4|13826|1015
496|5|13421|3566
497|5|13851|3555
497|4|13852|3555
497|2|13853|3555
499|5|13891|418
499|3|4189|306
499|5|5764|306
499|4|431|227
499|3|13895|227
499|5|13900|193
501|5|13999|321
501|5|14001|3694
501|5|10902|265
502|5|14012|1250
503|5|14013|1779
503|5|14043|3698
505|5|14088|193
505|5|14094|518
507|5|14100|3718
507|4|14104|2450
507|5|14110|3720
507|5|14111|2450
507|5|8474|63
507|5|14115|185
507|5|1217|162
507|1|14118|162
507|5|14120|35
507|3|14122|1424
507|5|14126|451
507|5|4313|305
507|5|10985|305
507|5|2573|305
507|5|4309|305
507|5|14128|3722
507|5|14130|53
507|4|7097|53
508|4|4866|1330
509|3|14143|211
509|3|14144|211
509|4|14145|500
509|4|14146|500
509|4|14147|3725
509|5|14149|500
509|4|14150|500
509|4|14151|500
509|4|14152|500
509|4|14153|500
509|4|14154|500
509|4|14155|500
509|4|14156|500
509|5|14157|500
509|4|14159|1506
509|5|14161|1506
509|4|14162|391
509|4|14163|391
509|4|14164|391
509|4|14165|391
509|4|14166|391
509|4|4332|391
509|4|14167|391
509|4|7452|391
509|4|14169|391
509|4|14170|391
509|4|14172|9
509|3|14173|9
509|3|14174|9
509|3|14175|9
509|4|14176|9
509|5|14177|9
509|5|440|9
509|5|11953|8
509|5|14178|8
509|4|895|8
509|4|14182|3727
509|4|14184|3727
509|4|14185|3727
510|4|14187|3730
510|5|12692|3439
511|5|14207|563
512|5|3840|3
512|4|14210|3
512|5|3840|3
513|4|14229|630
513|5|14230|630
514|5|14262|193
514|5|14263|193
514|4|14264|193
515|5|14276|576
515|5|14279|691
515|5|14280|356
515|5|14281|356
515|5|14283|1448
515|4|14286|1184
515|5|14289|576
515|5|14291|3750
515|5|14289|576
515|5|14294|343
515|4|1838|34
515|4|1390|34
515|5|14297|418
515|5|3296|418
515|5|14302|3751
517|5|14317|2234
517|5|14322|3756
517|5|4096|518
518|3|14333|607
518|4|14335|1177
519|4|14357|580
519|5|14368|580
519|4|14370|3766
520|5|14390|694
521|5|14419|1087
521|4|14421|2013
521|5|14422|2013
521|4|14424|3781
521|5|14427|2015
521|4|14428|2015
521|5|14430|990
521|3|14432|3782
521|4|14436|3782
521|5|14438|1055
521|5|14439|1332
521|5|14442|1055
521|4|10082|298
521|3|14443|1055
521|5|14446|298
521|5|14447|298
521|5|14449|3784
521|4|14451|167
521|4|6582|167
521|4|280|167
521|5|6152|337
521|5|14454|1293
521|4|14456|871
521|5|9505|871
521|5|14457|871
526|5|14499|103
528|5|3642|4
528|5|14553|3811
530|5|1838|34
530|5|712|34
530|5|14564|193
531|5|14571|3814
531|5|14573|3815
531|4|14578|1506
531|5|14593|1506
531|5|535|88
531|5|533|88
531|5|14602|3818
531|4|14606|47
531|5|14607|47
531|4|14614|1623
531|4|14615|1623
531|5|14617|2615
532|5|14622|924
532|3|5571|193
532|3|2257|45
532|3|14630|3
532|4|14633|11
532|3|14635|11
532|3|14636|11
532|5|14637|11
532|5|10878|1242
532|5|10877|1242
532|5|14655|1242
533|5|14658|3827
533|4|14659|3828
533|3|14665|3829
533|4|14667|803
533|4|14668|448
533|5|14671|261
533|3|14672|261
533|5|14673|261
533|5|14675|8
533|4|895|8
533|3|14677|3830
533|4|14678|658
533|5|14682|1560
533|3|14684|3592
533|4|7242|8
533|4|14688|8
533|3|1346|8
533|4|14690|8
533|4|4315|305
534|4|14697|180
534|4|14699|180
534|5|14701|180
534|4|14706|1881
534|5|14707|1881
534|5|14714|3836
534|5|14707|1881
535|5|14744|467
535|5|3773|467
535|5|5671|467
535|5|14745|467
535|4|2303|467
535|5|5672|467
535|5|3244|8
535|5|14750|2211
536|5|14770|1577
536|5|14774|1577
536|5|14776|911
536|5|14783|3852
539|4|14813|489
539|4|14815|3861
539|3|14833|3864
539|4|14834|170
540|4|14838|303
541|4|14854|347
541|5|14864|366
542|5|3947|386
542|5|5144|386
544|5|4153|694
545|5|14946|109
545|4|14949|2066
545|4|14950|2066
545|5|14955|3878
545|4|14963|3881
545|4|2257|45
545|4|14983|3886
546|4|14987|3888
546|4|14994|3891
546|3|14995|3890
546|3|15006|1418
546|4|15022|357
546|5|15023|357
546|2|15027|245
546|5|2257|45
548|5|15055|3840
548|5|15056|2141
548|4|15057|3902
550|5|15077|3911
550|5|15078|1140
552|5|15092|3590
552|5|10902|265
552|5|4844|265
552|5|4840|265
552|5|15093|357
552|5|15094|357
552|5|7409|357
552|5|15095|357
552|4|15102|467
552|2|15103|467
552|4|3769|467
552|5|5672|467
552|5|14744|467
552|5|15107|68
552|5|7242|8
553|5|15124|1242
555|5|15148|45
555|2|4293|149
557|5|15156|630
557|5|15157|630
557|5|15161|630
559|5|1360|68
561|5|13032|510
562|5|1218|162
564|5|15242|3947
564|5|15246|3949
564|5|15248|325
564|5|4812|325
564|5|15250|11
564|5|15251|11
564|4|11945|8
564|5|15256|8
564|5|1390|34
564|5|15261|8
564|5|15265|68
564|5|2254|68
564|4|15266|3952
564|4|15271|484
564|5|15273|545
564|5|15274|545
564|5|15279|68
564|4|3275|68
565|5|15282|193
565|5|14263|193
565|5|15282|193
565|5|15282|193
565|1|15289|2818
567|4|15336|280
567|4|15360|3500
567|4|15370|1098
567|4|15371|1098
567|5|15373|1458
567|5|15374|1458
567|5|15375|1458
568|5|15387|60
568|5|15390|3846
570|5|15403|3978
570|4|15404|2747
570|3|15405|3406
570|4|15406|3406
570|4|15407|3406
570|4|15408|3406
570|5|15409|3407
570|4|15417|1395
570|4|119|87
570|4|15419|932
570|5|15420|932
570|4|15421|87
570|4|4175|1078
570|4|15423|87
570|4|15424|3980
570|4|15425|87
570|4|15426|87
570|4|3314|87
571|5|1217|162
571|5|11777|436
571|4|15437|122
571|5|5255|122
571|3|15457|3986
571|4|15458|3986
571|5|15459|3986
571|3|7226|2199
571|5|10864|951
571|5|15461|951
572|4|15467|175
573|4|15505|3997
573|4|15515|431
575|5|15539|4005
578|5|15590|4011
578|3|15591|4011
578|4|15592|4012
578|4|3296|418
578|4|15593|1407
578|4|15596|1407
578|5|15597|4014
578|5|15599|4014
578|5|15600|4014
578|4|15602|4016
578|5|15603|4016
578|5|15604|4016
578|5|15605|4016
578|3|15609|1407
578|5|4489|1407
578|4|15610|1407
578|3|15611|556
578|4|15617|4018
578|4|15618|3886
578|4|15621|3886
578|4|15622|4020
578|4|15623|4020
578|4|15624|4020
578|5|15625|4020
578|5|15626|4020
578|4|15627|4020
578|4|15632|3886
578|4|15633|3886
579|5|15641|1137
579|5|15649|4023
581|5|15697|1336
581|1|15698|1029
581|5|15699|4037
581|5|15701|4039
581|5|15702|4039
581|5|15708|311
581|5|1276|311
581|5|15711|4040
581|4|15712|4041
582|4|6621|193
582|3|15720|418
582|4|4284|418
582|4|15725|526
582|4|15729|526
582|4|15730|2
582|2|15731|54
582|4|15733|1286
582|4|15734|630
582|3|15738|103
582|3|15745|4046
582|3|15419|932
583|5|15761|184
583|3|15762|175
583|4|15764|211
584|4|15791|4061
584|5|15792|4061
584|3|15795|4061
584|3|15796|4061
584|4|15800|3089
584|4|15801|1444
584|3|10896|1
584|2|15805|1648
584|4|15806|1648
584|3|15807|4064
584|3|15813|2512
584|4|15814|2512
586|2|15856|4074
586|3|15857|4074
586|4|15863|1396
590|1|15908|134
590|3|15909|1679
591|5|4906|1487
591|4|7191|1487
591|5|7196|308
591|4|15926|4086
591|4|15942|3673
591|5|15943|45
591|5|15944|45
591|3|15945|822
591|3|15946|45
591|5|15951|2646
592|5|15953|2567
593|3|4354|149
593|5|15988|332
594|5|15993|906
594|5|16003|1034
595|3|16014|1939
595|5|16015|1939
595|5|10500|63
595|5|1189|563
595|5|16027|1254
596|3|5672|467
596|5|2303|467
598|5|16086|193
598|5|16087|4034
598|4|16091|2380
598|4|16092|4109
598|4|16095|4110
598|5|16096|250
598|4|16097|1727
598|5|16101|159
598|4|16103|166
598|4|16105|193
598|4|2181|876
601|1|16198|2490
601|1|16203|1108
601|5|16213|2109
602|4|16238|4134
602|5|16239|3095
602|3|2398|34
603|5|16246|2895
603|5|16253|4136
603|5|16255|520
603|4|1950|431
603|5|3609|431
603|5|3610|431
603|3|16257|431
603|4|16258|431
603|5|16260|431
603|3|16265|4139
603|3|16266|4139
603|5|12609|303
603|5|3107|303
603|4|16274|4142
603|3|16276|4142
603|4|16280|427
603|4|16281|427
603|5|16282|4143
604|5|8658|162
604|5|9297|35
604|4|16288|35
604|4|16292|2796
604|4|16293|2796
604|4|16296|2675
604|5|16307|4145
604|5|13705|271
604|5|16315|271
604|4|16316|4146
604|4|16322|3100
604|5|16323|4147
604|5|16328|255
605|5|16339|99
606|5|16367|113
606|4|16368|113
606|4|16369|431
606|3|16383|4158
607|5|4292|875
607|3|16391|875
607|5|16393|4159
607|4|3708|646
607|5|16395|356
607|5|16396|356
607|4|16398|869
608|4|16413|3704
608|5|16424|189
609|5|16433|4167
609|5|16435|499
612|4|3631|193
612|4|16499|4184
612|5|16503|72
612|5|16506|3697
612|5|16507|4185
612|5|10751|175
612|5|16509|175
612|5|16510|175
612|5|16511|175
612|5|10461|175
613|5|121|3
613|2|16517|4187
613|5|16521|1385
613|4|16523|1348
613|4|16527|4188
613|5|16528|556
613|5|4679|3
613|1|16532|3
613|4|16536|3
613|5|14630|3
613|4|16537|3
613|3|16538|3
613|4|16539|3
613|5|16540|3
613|2|16541|3
613|4|16542|3
613|5|3840|3
613|5|16544|3
613|3|16546|3
613|5|16547|3
613|5|16549|3
614|5|16553|298
615|5|16564|4192
615|5|16566|1883
615|5|16567|4192
615|5|16568|4192
615|4|16569|4193
615|5|16572|4192
615|5|16573|4192
615|4|16574|4192
615|5|16575|4194
615|5|16580|263
615|5|16583|63
615|5|3581|1274
615|5|16589|1274
615|5|16591|1274
615|5|16592|1274
615|5|16593|1274
615|4|16597|1878
615|5|10498|1878
615|5|16599|337
615|5|16600|63
615|5|6076|63
617|4|16608|630
617|4|16609|630
617|4|16619|4199
617|4|16620|4199
617|4|16621|4199
617|5|16622|1461
617|4|6421|8
617|4|8101|8
617|4|11955|8
617|5|5587|8
617|5|16634|348
617|4|16635|348
618|5|16641|466
619|5|16662|4210
619|5|16663|4210
619|4|16664|4210
619|5|16669|116
619|4|16673|4211
619|5|16677|1690
619|5|16679|193
621|3|16698|34
621|5|16699|34
621|5|16700|34
621|4|10553|34
621|5|6600|34
621|5|16701|34
621|5|16702|3170
621|5|16703|112
621|4|16707|411
621|5|3651|411
621|5|3652|411
621|5|16708|411
621|5|16709|411
621|5|16710|411
621|4|3650|411
621|4|16711|411
621|5|3655|411
621|5|16714|4217
621|5|16715|409
621|5|16716|4218
621|1|16717|4219
621|4|16718|1296
621|5|3656|1296
621|4|16721|351
621|4|16724|349
621|4|16725|4220
621|4|16726|4220
621|5|16727|4220
621|5|16728|4220
621|5|16731|103
621|5|16732|4221
621|5|16733|2286
622|5|16538|3
622|5|1529|34
622|4|14630|3
622|1|16744|45
622|5|16760|3
622|3|16761|3
622|5|16767|2653
622|4|16774|4224
622|5|16775|4225
624|4|16781|4228
624|5|16783|4227
624|4|16784|4229
624|4|11490|337
624|4|16793|2733
624|5|16795|4231
624|3|16796|4232
624|5|16798|337
624|4|2181|876
624|4|11490|337
624|4|6600|34
624|5|2183|876
624|3|16807|4233
624|4|16808|347
624|4|977|34
624|5|8823|34
626|4|4334|391
626|5|4333|391
626|5|4332|391
626|5|7532|368
626|4|16818|368
626|5|16819|368
626|5|16820|368
626|5|16821|368
626|5|7445|368
626|5|16822|368
626|4|6549|368
626|5|16823|368
626|5|16825|175
627|5|16827|4238
627|5|16828|4239
627|5|16830|4241
627|5|16836|4245
627|5|16837|2398
627|5|16838|2398
627|4|16841|4246
627|5|16844|4248
627|5|16849|1033
627|4|16850|1033
627|2|16854|4250
627|5|16866|906
627|5|16872|4258
627|5|16873|60
628|5|16878|1518
629|4|16888|2309
629|3|210|8
629|4|8772|298
629|4|16894|45
630|5|16896|1062
630|5|16903|1062
630|5|4906|1487
630|5|16913|4266
630|4|16915|1085
630|5|4162|550
630|5|16924|1696
630|5|7490|1696
630|5|16926|1650
630|4|6856|313
630|5|16933|550
630|4|16934|550
631|5|16937|8
632|4|16945|4271
632|4|16948|2056
632|4|16949|2056
632|3|16950|2056
632|3|16951|2056
632|3|2913|34
632|3|16965|34
632|4|3609|431
632|4|1534|34
632|4|16966|3097
636|5|950|274
636|4|1115|274
636|4|17027|329
636|4|17028|329
636|4|17029|329
636|5|17034|189
636|5|17040|263
636|5|17041|77
638|5|17051|4293
638|5|17056|271
638|5|17057|35
638|5|17058|35
638|5|17059|185
638|5|17060|185
638|5|17069|34
638|5|14690|8
638|5|2254|68
638|4|17079|311
639|5|937|274
639|4|950|274
639|5|10872|540
639|4|17095|138
640|5|17104|1360
641|4|17118|3341
641|5|17119|3341
641|5|17120|3341
641|5|17122|148
641|5|17123|148
641|4|17126|2
641|4|17129|149
641|5|3616|346
642|5|13542|1100
643|5|17149|574
643|4|17150|4310
645|5|17181|461
645|4|17182|461
645|5|8803|311
645|2|17188|311
648|2|7212|2195
648|5|17236|3341
648|5|17242|4328
648|4|12292|3341
648|4|17243|3341
648|5|17119|3341
648|5|16937|8
648|1|11950|8
648|5|3244|8
648|5|17245|38
648|5|17246|38
648|5|17248|3341
648|4|894|8
648|5|4354|149
648|4|6438|149
648|4|4355|149
648|4|5368|149
648|5|17129|149
648|4|2174|149
648|4|4353|149
648|5|17254|2231
648|5|17255|4329
648|1|3693|1307
648|5|17257|4330
648|5|17258|4331
648|4|17260|4333
648|5|17118|3341
648|5|17262|3341
649|5|17263|240
649|5|10853|240
650|5|17307|694
650|5|17308|694
652|5|17339|452
652|5|17343|271
652|5|17344|2817
652|5|17345|4345
652|5|17346|8
655|5|17393|918
655|5|17394|4352
655|5|17397|3089
655|5|17398|3089
655|4|17404|2502
655|3|17406|2502
655|4|17410|2299
655|4|17411|4354
655|5|17412|4354
655|4|17414|2299
655|4|17417|4355
655|4|17419|4355
655|4|17424|3338
655|4|17428|1630
655|5|17429|1630
655|4|17434|2430
655|5|16837|2398
655|4|1149|16
656|4|17440|1015
658|5|17460|252
658|5|17465|4054
658|3|17468|475
658|5|8766|34
658|5|17470|34
658|5|2398|34
658|5|10050|34
658|5|17471|4360
658|5|17472|60
658|5|17473|1
658|5|10896|1
658|5|17474|3335
658|5|17475|4359
658|5|16937|8
660|4|17511|4371
660|4|17517|4374
660|5|17525|4377
660|5|5051|327
660|4|895|8
660|5|17534|72
660|5|17538|343
660|5|17539|1525
660|4|4947|327
661|5|17549|4383
661|5|17550|34
661|4|17552|4385
661|5|17553|1457
661|5|17561|4387
661|4|17562|327
661|2|17563|597
662|4|17567|8
664|3|8772|298
664|5|16965|34
665|5|17608|566
666|5|3035|1133
666|5|17633|841
666|5|17635|967
666|3|17638|4405
666|5|17641|311
666|5|17642|1443
666|5|17649|4400
666|5|13483|841
666|4|17654|193
667|5|716|193
670|3|17685|4420
670|5|15459|3986
670|5|17686|2023
671|4|17699|306
671|5|6621|193
671|4|17700|193
671|2|4187|306
671|4|17701|272
671|4|11808|272
671|3|6865|272
671|4|942|272
671|4|5935|271
671|5|11806|272
671|4|17702|272
671|3|10075|274
671|5|17705|436
673|1|17718|162
673|4|17734|4430
673|5|17735|2343
674|5|17757|3658
674|5|17758|2342
674|4|17760|4437
674|5|17761|3658
674|4|17763|4438
674|5|17765|778
674|5|17767|2342
674|5|17768|204
674|5|17769|338
674|4|17772|254
674|3|3867|1354
674|4|17774|4436
674|4|17776|4441
674|3|17777|204
674|3|17781|4442
674|4|7982|2403
674|3|17792|4447
674|4|17793|4448
674|4|17794|4449
675|5|17801|4450
675|5|17804|4452
675|5|17805|4453
675|5|17806|4453
675|5|17806|4453
675|5|17808|4455
675|5|17809|4454
675|5|17810|4454
675|5|17811|4454
675|5|17812|4454
675|5|17813|4454
676|5|17819|2528
676|4|17827|4458
676|4|17828|933
676|3|17829|1254
676|3|17833|2406
676|4|17836|76
678|4|17847|2383
678|5|7879|2383
678|4|3908|1377
678|5|17853|2383
678|5|17855|1377
678|5|17860|571
678|5|17862|469
678|4|3641|469
678|3|17865|469
678|4|17866|4
678|3|17867|469
678|4|17868|469
678|4|17869|469
678|5|17889|2240
678|2|15712|4041
679|5|17895|1437
682|5|17945|4400
682|4|17953|967
682|5|9196|311
682|5|17961|123
682|5|17962|123
682|5|5217|123
682|5|17963|4485
682|5|17966|4400
682|5|17649|4400
682|4|17968|45
682|4|12531|45
682|4|17970|4486
682|4|4354|149
684|5|17999|1566
684|5|18003|1100
685|5|18049|4502
686|4|18055|727
689|5|18064|836
689|5|18072|1108
689|5|18076|307
689|4|18090|4512
689|4|7120|303
689|4|18092|303
689|4|8035|1631
689|5|18097|4512
689|5|18103|4514
690|5|18106|1621
690|3|18110|534
690|5|18111|534
690|5|18112|534
690|5|10220|534
690|5|18116|658
690|5|18118|1100
691|5|18119|4515
693|4|1084|272
693|4|11806|272
693|5|3274|68
693|5|2255|68
693|5|18143|8
693|5|315|8
693|4|11955|8
693|5|8772|298
693|5|18144|298
693|5|18145|54
693|5|18146|54
693|4|18148|303
693|5|18092|303
693|5|18149|4518
694|5|18159|311
695|5|18176|180
699|4|18244|1086
701|5|18263|274
701|5|18264|274
701|5|18265|274
702|5|18280|4151
703|5|18283|306
703|5|16103|166
704|1|1879|4
704|1|18302|2698
705|5|18303|34
705|3|18306|4545
705|3|18308|3226
705|5|18336|1758
705|5|5589|1758
705|5|18337|1758
705|5|6276|1758
706|3|18344|4555
706|4|18345|4555
706|3|18349|2533
706|4|18350|4556
706|3|18355|4557
706|3|18356|3601
706|2|18367|4559
706|4|18379|4563
706|5|14156|500
707|5|18406|306
708|5|18442|398
708|5|1852|414
708|5|18445|398
708|5|18451|708
708|4|18462|327
708|5|18467|708
708|5|12752|708
708|4|8823|34
708|5|2397|34
708|4|6491|34
709|4|18471|9
709|5|18472|2067
709|4|18473|3430
709|4|18474|4574
709|4|18478|389
709|4|18483|2899
709|2|18485|112
709|3|18486|112
709|4|18488|4577
709|4|18489|4577
709|3|18496|4578
709|5|18497|1528
709|3|18498|815
709|4|18499|815
709|4|18501|431
709|4|18503|353
709|2|5364|353
709|4|18505|431
709|4|18506|4579
709|4|18509|4579
709|5|18510|4579
710|5|18539|4583
710|3|5364|353
710|5|18541|4584
710|1|18542|189
712|5|18553|1132
712|3|18564|639
712|5|18566|34
712|1|6050|34
712|1|18567|34
712|5|18568|34
712|5|18569|34
712|4|18572|274
712|5|18579|255
714|5|18594|77
714|5|18596|77
714|4|18607|53
714|5|18608|53
714|5|18610|53
714|3|18612|1439
714|5|18616|1908
714|3|18619|1908
714|5|18622|1908
714|5|6600|34
714|5|1838|34
714|1|18628|34
714|2|18629|77
714|5|17465|4054
716|5|18644|630
717|5|975|34
721|5|10741|11
721|4|18708|3340
721|5|7639|76
721|3|18710|76
721|5|17836|76
722|4|938|461
723|5|6525|175
723|5|5253|8
723|5|18729|3497
725|5|18747|1140
725|4|11845|3235
725|5|18752|407
725|5|18758|418
725|4|3642|4
725|4|18760|4625
725|4|18768|1140
725|4|18771|4623
725|4|18159|311
726|2|18787|3543
726|3|18790|177
727|5|18795|437
727|4|18796|437
727|2|18797|437
727|4|18803|4635
727|5|18804|4635
727|4|18805|620
727|5|18806|4636
727|4|18807|620
727|3|18808|620
727|3|18817|280
727|3|18821|883
727|5|3666|525
727|3|18829|4637
728|4|18838|34
729|4|18876|134
729|4|18894|3695
729|4|18897|1879
730|4|18898|4651
730|5|18902|453
730|4|18904|483
730|4|18905|483
731|4|18914|263
731|5|18915|263
731|1|18919|193
732|4|18921|398
732|4|8719|762
732|5|11955|8
732|5|896|8
732|4|5417|34
732|4|18940|794
733|3|18964|8
733|5|4338|314
733|4|12572|8
733|4|377|8
733|1|18984|558
733|3|18986|4658
733|4|18989|4346
733|4|1027|499
733|5|10756|1360
733|5|18991|1360
733|5|18992|1360
733|4|13694|230
735|5|19007|303
735|5|5417|34
735|5|8514|484
735|5|5217|484
735|4|8675|484
735|5|19028|4662
735|5|19029|4048
735|5|19031|4663
735|4|19032|4664
735|5|19033|4664
735|4|19034|4048
735|5|896|8
736|5|19042|4670
737|5|19048|4672
737|5|19051|4675
738|5|19058|4679
738|5|19063|516
738|4|19064|516
738|3|19065|516
738|5|4336|1444
739|5|19078|35
739|5|19079|162
739|5|4920|68
741|3|19092|526
741|3|19096|171
741|3|19097|171
741|3|19101|4684
741|5|19104|629
741|3|19108|1189
741|5|3840|3
741|5|16539|3
741|4|19113|3
741|3|19125|306
741|4|19128|4694
742|4|3105|303
742|5|19138|303
744|3|16828|4239
745|4|1024|332
745|5|4097|518
745|3|19216|995
745|3|19218|995
745|5|19220|995
745|4|19221|4504
745|4|1664|3430
745|4|19223|2893
745|5|19225|4410
745|5|19226|4410
745|5|19231|303
745|5|19232|4716
745|5|19234|311
745|5|9196|311
745|5|19237|4717
747|5|19259|2084
747|5|19260|56
747|5|19261|56
748|5|10895|308
748|5|19268|1415
748|3|210|8
748|5|19269|1645
748|5|11481|3134
748|5|19272|4
748|5|19276|4725
748|5|19277|522
748|5|1096|522
748|4|19278|149
748|5|9880|347
748|5|10945|418
748|5|13891|418
748|5|19279|418
748|5|3296|418
748|5|19292|294
748|5|5134|4
748|5|19293|4727
748|5|19294|306
748|5|18283|306
748|5|5764|306
748|5|19295|4
748|5|11898|4
749|4|19299|3071
750|5|19312|4728
750|3|19315|4732
751|5|19328|1508
751|4|12601|911
751|5|18790|177
751|4|19355|177
753|1|19372|1401
753|5|9276|2699
753|1|19375|4745
755|5|19403|4755
755|5|19404|4755
755|5|19407|411
755|5|16710|411
755|5|3654|411
755|5|3292|4
755|4|19412|4
755|5|1798|4
755|5|19414|4051
755|4|19416|2330
755|4|19417|2330
755|4|19420|700
755|5|14690|8
755|5|11828|8
755|5|19426|4760
755|5|19429|8
756|2|19438|2777
756|5|19449|1929
756|5|19456|1070
756|4|19459|4620
756|4|4896|1602
757|4|19466|3818
757|5|14602|3818
757|4|19471|4775
757|4|19478|4776
758|1|6076|63
758|4|19512|4780
758|1|19513|4781
758|5|19523|3094
759|2|19529|3747
759|5|19530|3802
759|5|19533|311
760|4|19544|4792
760|5|19555|265
760|2|19556|265
760|4|19560|63
761|5|19563|3408
761|5|19564|540
762|5|19582|1118
762|5|19586|3205
762|4|19589|4156
762|5|19590|4156
762|5|19594|115
762|5|19596|3863
762|5|19598|4800
762|5|18055|727
763|5|19636|265
763|5|19638|712
763|4|19639|712
763|5|19641|4811
763|5|19642|4811
763|5|19643|4811
764|5|19671|52
764|5|3434|52
764|4|3203|52
765|2|19687|950
765|1|19688|950
765|3|19689|794
765|5|19690|1844
766|3|3643|4
766|4|19692|345
766|4|3612|345
766|3|19693|3422
766|4|19695|4826
766|4|533|88
766|4|19698|280
766|5|535|88
766|4|19704|4830
766|5|19708|4833
767|4|19717|58
767|4|19720|665
767|4|19725|2309
767|5|4914|271
767|1|19733|665
767|4|926|458
767|5|19739|1348
767|5|2183|876
767|5|19744|265
767|5|10794|265
767|5|19748|3723
767|5|967|450
767|5|19749|450
767|5|19750|450
767|5|2307|53
769|5|14745|467
769|5|19776|467
771|5|19801|193
772|5|19813|552
772|5|6600|34
772|5|1838|34
772|5|19823|72
772|4|19824|2721
772|5|19834|4851
772|5|19835|4851
772|5|19837|2038
772|5|19838|2038
772|5|19839|2038
772|5|19840|2038
772|5|19841|2038
773|3|19851|4852
773|4|19852|4852
773|2|14262|193
774|5|17700|193
774|3|19870|193
775|4|4472|639
775|5|5417|34
775|5|6583|34
775|5|19893|34
775|5|3244|8
775|4|19897|1099
776|5|19906|3454
776|5|19928|4868
776|5|19929|4868
776|5|19930|4868
776|5|19933|4223
776|4|19935|4870
776|4|19938|4872
777|4|895|8
777|5|11952|8
778|5|19954|581
778|5|19957|311
779|5|19968|2022
779|3|19971|2022
779|5|10877|1242
779|5|19977|951
779|4|19979|951
779|4|15461|951
779|3|19984|2019
779|4|19986|2019
779|5|19989|1245
779|5|6592|2019
779|5|19995|1425
779|5|19996|1425
779|4|20000|2022
779|5|20001|2022
779|4|20005|4877
780|4|20009|3921
780|5|20011|4880
780|5|20012|4881
780|3|20016|4885
782|5|20029|741
783|4|1529|34
783|4|6600|34
783|5|1838|34
783|4|10751|175
783|4|20049|175
783|5|3951|366
784|4|20067|49
784|4|2825|330
784|3|20070|330
784|5|20071|330
784|4|20072|2778
784|4|10461|175
784|4|20076|175
784|4|20079|500
786|5|13328|298
786|5|20122|298
786|5|20123|298
789|5|20153|193
790|5|20196|4283
791|4|20215|1883
791|3|20216|1883
791|5|16566|1883
791|4|20218|3308
791|4|20219|3308
791|5|20220|3308
791|5|20229|4937
791|5|20219|3308
791|5|20220|3308
791|5|20234|154
792|5|20240|431
792|3|20244|329
792|4|3757|329
792|5|20270|4941
792|4|20271|329
792|4|20273|906
792|5|20276|1327
792|4|20277|1327
792|5|4258|68
793|5|20284|366
798|1|20360|2067
798|3|20373|4953
798|2|20375|327
798|2|20376|303
798|5|20377|327
798|5|20380|4955
798|5|20385|461
798|4|20386|272
798|1|11803|272
798|3|6865|272
798|1|20387|272
798|3|6904|461
798|5|938|461
798|4|20388|2117
800|5|20396|4486
800|5|20398|4486
801|4|20410|4962
801|4|20413|4963
801|4|10486|1939
801|4|20414|4964
801|4|20430|4972
802|5|20436|1336
802|5|20437|1336
803|5|20442|2280
803|2|20444|517
803|1|20447|4536
804|5|20457|4975
804|4|20460|45
806|3|20530|193
806|4|16679|193
806|5|20532|193
806|1|20533|193
807|5|2396|34
808|5|20548|315
808|5|20556|193
810|5|20569|753
810|5|20579|2847
810|5|20580|2266
810|5|20581|2266
810|5|20586|162
810|5|20586|162
810|5|20591|162
811|5|20592|920
811|5|20599|211
813|5|20622|5004
814|3|3749|215
814|5|20685|5010
815|5|20686|347
816|5|20693|5011
816|4|20697|5013
816|5|20698|3308
816|3|20699|1089
816|5|20702|1089
817|5|7861|311
817|5|1626|5019
817|3|20720|34
818|5|20733|170
818|4|20734|665
818|2|11955|8
818|5|6421|8
819|4|20765|327
819|5|10835|597
819|5|3296|418
821|3|19096|171
821|4|20809|1207
821|4|20811|5033
821|4|20812|5034
821|3|20813|5035
821|4|20817|5037
821|5|20818|5038
822|3|4336|1444
822|5|17406|2502
822|4|20842|2502
822|5|20843|710
823|5|6620|193
823|5|14262|193
824|3|16965|34
825|5|20880|910
825|5|20884|5049
827|3|20898|8
827|4|20906|553
827|5|5571|193
827|5|20908|193
827|5|20911|193
827|4|20913|193
827|5|20917|1536
827|3|9382|925
827|5|2298|925
827|4|3773|467
827|4|5672|467
827|5|20925|467
827|4|2305|467
827|5|20927|4536
827|2|20930|1764
827|5|20931|1764
827|5|20932|245
827|4|1257|245
829|5|20941|2567
831|5|21001|353
833|5|21023|5078
833|4|21024|5078
833|5|21025|5078
833|5|21026|5078
833|4|21031|2205
833|5|21035|5081
833|5|21042|1913
833|5|21049|1425
833|5|21055|5085
833|4|21057|1425
833|5|20067|49
834|4|21070|4704
834|5|3642|4
836|5|21101|154
840|3|21126|4
840|2|21127|658
840|1|21140|193
843|5|21179|177
843|2|21180|177
843|3|21183|202
843|4|21184|202
843|5|21185|5109
843|2|21187|4119
843|5|21191|778
843|4|21194|1205
843|5|21196|177
843|2|21180|177
843|1|21201|2476
843|5|21205|798
843|5|4906|1487
843|5|4906|1487
843|4|21206|3309
843|4|21207|3309
843|2|21210|2252
845|5|21238|8
846|5|21241|1120
846|5|21249|1055
846|5|21265|167
847|4|17040|263
847|3|21270|5125
847|5|21271|263
847|3|10797|263
847|5|21274|1879
847|5|17700|193
847|5|19870|193
847|5|21277|1881
847|1|21278|2153
847|1|3750|215
848|5|21297|338
848|4|21298|2141
848|5|21300|123
848|5|21304|190
848|5|21305|1444
849|5|21315|227
849|5|21316|227
849|4|21322|159
849|5|21327|3293
849|5|21332|398
849|5|21334|1525
849|5|21337|199
849|2|21339|4584
849|4|21341|4584
849|5|21342|4584
849|5|21347|398
849|5|1164|8
849|5|16965|8
849|5|21352|2519
851|5|21366|3308
851|5|4841|265
851|4|4843|265
851|4|21375|63
851|5|21376|63
851|5|12246|53
851|5|12248|53
852|5|21384|1054
853|5|19096|171
853|5|21409|163
853|4|21410|672
853|5|21413|3927
855|5|21456|5146
855|5|21460|283
855|2|21461|283
855|5|21471|140
855|5|21474|5151
855|5|21475|5151
855|5|21478|1404
855|5|21479|1404
855|5|21481|4714
855|5|21482|2380
855|5|21484|5153
856|4|21517|513
858|5|21532|5161
858|3|21533|658
858|5|21541|1311
858|3|10368|327
858|5|21547|5163
859|3|21562|5168
859|5|21575|311
859|5|21578|628
859|4|21579|628
859|5|21580|628
859|4|1798|4
859|5|2183|876
861|5|21624|700
861|4|21625|700
861|4|21633|3300
861|5|21634|972
862|5|21642|37
862|5|21645|326
863|5|21650|1196
863|5|21651|839
863|5|21657|4199
863|5|21658|4199
863|4|21662|4199
863|5|21665|5183
863|4|21670|839
863|5|21674|3585
863|5|21675|1694
864|5|1335|170
864|5|21685|5186
864|5|21686|1566
864|5|21695|2698
864|5|21696|5188
864|5|21698|1613
864|5|21712|2051
865|4|21735|13
866|4|21740|4555
866|5|21747|152
866|4|21748|152
866|5|21751|1822
866|5|21751|1822
866|5|21761|5201
866|4|21771|338
866|4|21773|2150
867|4|21778|1518
867|4|10751|175
867|4|16510|175
867|4|10461|175
868|5|21806|34
868|5|9286|68
870|5|21816|1293
870|5|16599|337
870|5|21820|327
870|5|4279|294
870|4|3912|68
870|5|21828|162
870|4|21831|272
870|4|11806|272
870|3|21840|918
871|4|21844|1044
871|4|21846|391
871|4|21847|391
871|3|4333|391
872|5|21860|218
875|4|21872|4151
875|5|21873|4151
875|3|21874|4151
875|3|21876|4151
875|5|21884|356
875|4|21885|356
875|5|21886|356
875|5|4165|550
875|5|8297|550
875|5|4162|550
875|5|9376|550
875|5|8298|550
875|4|21891|34
875|5|1838|34
875|5|21897|68
880|4|21979|8
880|4|21983|386
881|5|15813|2512
881|3|21998|2512
881|3|22002|2512
881|5|22003|2512
881|5|15814|2512
881|5|22008|5241
881|5|11954|8
881|5|6524|8
881|5|22012|8
881|5|22014|1822
881|5|22016|2474
881|5|22018|8
881|5|22028|5245
884|5|22078|608
884|5|9182|608
885|5|2397|8
886|4|10071|2868
886|4|22110|2868
886|5|10070|2868
886|4|22123|274
886|4|22124|274
886|4|22125|274
886|4|22128|466
886|5|22129|466
887|5|2403|11
887|5|22136|11
888|4|22140|5260
888|4|22141|5260
888|5|22150|8
888|5|22158|16
888|5|22159|2074
888|4|22168|570
888|5|22169|570
888|5|22170|570
888|4|22174|5263
888|5|22177|5266
888|3|22178|5266
888|5|22179|5266
890|5|22214|712
890|4|4840|265
891|5|3912|68
891|4|12263|68
891|4|3275|68
891|4|22225|2010
891|4|22228|4039
891|5|15701|4039
891|4|22231|5285
891|4|22232|1084
891|4|22237|1696
891|4|22238|1696
893|5|22250|1140
894|4|22282|546
894|4|22283|2168
894|4|22285|550
894|5|22286|550
894|5|22287|550
894|4|4162|550
894|4|4163|550
894|3|4165|550
894|3|8298|550
894|4|22295|1861
894|3|22297|1861
894|4|22298|1861
894|2|22300|45
894|4|2257|45
894|4|22301|45
894|3|5135|45
894|4|22303|305
894|4|2573|305
894|1|22304|5291
894|3|3631|193
894|2|1800|4
894|4|3642|4
894|5|1798|4
894|5|3301|1176
894|4|22308|1413
894|4|22309|5292
894|5|22310|1413
895|5|22312|5294
895|5|22320|2782
896|4|22338|2316
897|5|22340|190
897|5|22346|5300
897|5|22356|5306
897|5|22362|271
897|5|22370|762
897|5|22371|762
897|5|22382|5314
898|4|22384|215
898|4|6545|215
898|4|22385|215
898|5|22386|215
898|4|22387|63
898|4|6069|63
898|5|22389|5318
898|4|22390|63
898|4|22392|63
898|5|22394|63
898|5|22397|63
898|4|22398|63
898|4|10499|63
898|4|22400|63
898|5|22401|2274
898|5|22405|63
902|5|22436|347
902|2|22440|742
902|4|22441|1386
903|5|1096|522
903|5|22445|3497
903|5|19692|345
903|5|3612|345
903|5|22452|180
903|5|22453|180
903|5|3679|180
903|5|3680|180
903|5|3678|180
903|5|8033|1368
903|5|22456|1848
903|5|22457|217
903|5|416|217
903|5|22462|193
903|5|22463|193
905|5|22482|1415
905|5|22483|1415
905|5|22484|1415
905|5|22486|1415
905|4|22487|1415
905|4|22488|1415
905|5|20270|4941
905|5|22491|329
905|5|22492|5324
905|5|22499|58
905|4|19259|2084
906|2|22504|170
906|3|22507|5328
906|3|22510|5329
906|3|22513|5330
906|3|22515|5327
906|3|22516|5327
906|3|22517|5331
906|2|22518|5331
906|4|22521|364
906|3|22522|364
906|4|22527|2211
906|2|22545|5327
907|4|22549|5338
907|5|22550|5339
907|5|22554|5269
907|4|22557|550
907|5|22558|550
907|4|4163|550
907|4|4165|550
907|3|8298|550
907|5|22582|215
907|5|3749|215
907|4|22583|5349
907|5|22584|5349
907|3|22585|5349
907|5|22587|215
907|5|11348|313
907|5|22590|313
907|5|22591|1957
907|5|10681|1957
908|5|17608|566
909|5|4787|18
909|3|22620|18
909|3|22621|72
910|3|22636|310
910|4|22637|310
910|5|16433|4167
910|2|22644|420
911|5|22648|5356
911|2|22657|3014
911|5|22663|542
911|4|22669|98
911|4|22670|98
911|5|926|458
911|5|22682|35
913|4|22699|1820
913|5|1027|499
913|4|22705|4051
913|4|22706|5366
913|5|22707|1820
913|4|22718|2277
913|4|2319|931
913|4|22734|5372
914|5|22739|5373
914|4|2398|34
914|4|22753|252
916|4|4360|442
916|3|22819|835
916|4|2182|876
916|4|2183|876
918|4|22829|5381
918|5|22835|34
918|1|22837|566
919|4|18462|327
919|4|9199|327
919|3|22844|327
919|4|22845|327
919|4|22850|298
919|3|22859|298
919|4|13328|298
919|2|10232|167
921|5|1219|162
921|5|1216|162
921|5|1217|162
921|5|22881|162
922|5|14690|8
922|5|896|8
923|5|22904|1568
930|5|22991|739
930|5|22994|1758
930|5|22995|739
930|4|7058|741
930|5|22997|1758
930|5|23023|1881
930|1|23027|1881
931|4|23033|170
931|3|23034|170
931|1|2392|170
931|5|1335|170
931|5|23036|157
931|5|23038|5426
931|5|23039|2153
931|5|23041|61
931|1|18567|34
931|5|23043|34
933|5|14447|298
933|4|23076|332
933|3|6596|332
933|5|1024|332
933|4|23077|332
933|5|23078|1055
933|5|23084|298
933|5|23086|2733
933|5|23087|4231
933|5|23089|2733
933|1|23090|2733
933|4|23091|2733
933|3|23102|5428
933|5|4294|1446
933|4|23103|2956
933|4|23104|5429
933|2|23105|5429
933|5|23106|5429
933|5|23107|5430
933|5|23108|5431
933|3|23109|330
933|4|23110|330
936|4|14170|391
937|1|23168|1969
937|4|23170|1969
938|2|23210|911
938|5|23216|4935
938|5|23217|4935
940|5|23254|5464
940|5|23255|5287
940|4|12609|303
940|2|23280|303
941|5|23295|5468
941|5|23303|5469
941|4|23308|5472
941|5|23314|5475
941|4|7721|2351
941|4|23322|5476
941|5|23325|5476
941|5|23328|5477
941|4|23332|4258
941|4|23333|4258
941|5|23334|5478
941|4|23335|60
942|5|23340|2796
942|5|23341|2796
942|5|16292|2796
942|5|23342|2796
942|5|23347|53
942|4|23348|53
942|5|23349|53
942|5|12246|53
942|5|18607|53
942|5|3736|53
942|5|23350|11
942|5|23351|11
942|5|2404|11
942|5|14636|11
942|5|23352|11
942|5|23353|11
942|5|180|8
942|5|23364|5480
942|5|23368|3920
944|1|23385|3841
946|5|23401|550
946|4|23409|1
946|4|23413|2309
946|4|23414|2501
946|5|23417|1090
946|5|23423|8
947|2|23436|1026
947|5|23463|1957
947|5|23464|1758
948|4|23480|630
949|4|23491|1997
949|2|8849|265
949|5|23496|451
949|4|23500|469
949|5|8702|1861
950|5|23518|5500
953|5|23548|2615
953|2|23562|8
953|5|18159|311
953|5|23570|5512
953|5|23576|5514
955|5|23610|5528
956|5|23619|1437
956|3|23621|431
956|4|23629|1437
956|5|23632|4801
956|4|23634|3040
956|2|23635|1437
956|2|23636|1437
956|5|23641|4728
956|3|16807|4233
956|4|23642|4728
956|4|23643|5534
956|4|23644|5534
956|5|23647|5534
956|5|23648|5534
956|5|23649|5535
956|5|23650|4730
956|5|23651|5534
956|5|23652|5534
956|5|23653|5535
956|4|4317|353
957|5|1838|34
957|3|10341|34
957|4|6050|34
958|3|23664|550
958|4|23665|5537
958|4|23669|778
958|4|23673|2724
959|4|23685|576
959|4|14289|576
959|4|23689|576
959|4|23690|576
959|4|23691|1327
959|5|23698|998
959|5|18596|77
959|5|4926|329
959|4|23708|5542
959|5|23709|5542
959|5|14527|1620
959|5|17027|329
959|5|23710|329
959|5|23711|329
961|4|23721|710
961|4|23722|2391
961|3|23723|820
965|5|23743|5546
966|5|3|1
968|3|1529|34
968|3|14427|2015
968|5|14428|2015
968|5|23780|34
968|3|5868|34
968|4|23783|2595
968|4|23784|2595
968|5|23787|337
968|2|5217|123
968|4|431|227
968|5|23803|529
968|4|23807|308
970|5|23821|162
970|5|3919|1378
971|3|23839|1437
971|5|23619|1437
972|4|23855|72
972|3|23876|193
973|2|23881|5559
974|5|23890|162
974|5|4857|275
974|2|7061|312
974|4|23897|275
974|2|12940|275
974|4|4856|275
974|4|4858|275
975|5|11950|8
975|3|2255|68
977|5|6276|1758
977|4|23935|1881
977|3|23936|1881
977|5|5590|1758
977|5|23943|5571
978|5|23960|265
978|5|8849|265
978|5|23964|5573
978|5|23965|2590
978|4|23966|491
978|5|23970|1132
978|5|4885|1132
978|5|23971|1132
978|5|4884|1132
978|5|23972|1132
978|4|23974|480
978|5|377|8
978|5|23977|470
978|5|1157|265
978|5|4844|265
978|5|4845|265
978|5|23978|265
978|5|2303|467
978|5|2305|467
978|5|23984|8
978|5|977|34
978|1|23987|332
981|5|24045|3246
981|5|5764|306
981|5|24050|5588
981|3|24053|5589
981|4|24054|1027
981|4|24055|4470
981|3|24056|5590
982|5|24063|3079
982|4|24070|2811
982|5|24081|53
982|5|3736|53
984|5|24093|5413
984|4|24094|2179
985|4|24112|802
985|3|7337|68
985|4|24119|5597
986|3|1346|8
986|5|3678|180
986|5|24144|180
986|4|23710|329
986|5|3757|329
986|4|24151|630
986|4|12926|630
986|4|24152|630
986|5|24153|630
986|4|24155|630
986|4|24156|1330
986|5|24157|1330
986|5|24158|1330
986|5|4866|1330
986|5|24159|8
986|5|11955|8
986|5|14690|8
986|5|24164|189
986|5|24165|189
986|5|24166|610
986|4|24168|1953
987|4|9182|608
987|5|8766|34
987|4|24175|5610
987|4|24183|3901
989|4|10579|68
989|5|24205|68
989|5|3912|68
989|5|2254|68
989|5|24206|68
993|5|6342|447
996|5|22304|5291
996|5|24260|535
997|5|24270|5204
997|3|4794|1409
998|5|24276|411
998|4|24278|4785
999|5|18596|77
999|5|24313|337
999|5|24318|280
999|5|4810|325
999|5|24319|325
1000|5|24337|5633
1000|4|24340|3091
1008|4|24416|126
1008|5|24420|272
1008|5|24421|2123
1008|5|24425|261
1008|5|16027|1254
1008|5|24427|1862
1008|5|24429|5644
1008|5|24431|1354
1008|4|24434|2096
1008|4|24436|1254
1008|5|24437|1254
1008|4|24438|1254
1009|4|24449|193
1009|4|24450|193
1009|5|24451|928
1010|4|24460|5613
1012|5|6076|63
1012|5|24478|8
1012|5|24480|215
1012|5|9882|54
1012|5|24481|2202
1012|5|11557|2954
1012|3|7097|53
1012|5|22405|63
1012|4|12246|53
1012|3|12460|190
1012|5|24485|53
1012|4|2307|53
1012|5|18607|53
1012|3|24492|53
1012|5|24496|215
1012|5|22587|215
1012|2|24499|566
1012|5|9884|54
1012|4|24503|1318
1012|5|24507|63
1013|5|895|8
1013|4|24528|8
1013|5|12692|3439
1015|5|24559|34
1015|4|24568|34
1015|5|13705|271
1015|3|2397|34
1016|5|24592|5670
1016|5|24596|5671
1016|1|24597|4688
1017|3|9252|2695
1017|4|24603|5672
1017|4|24606|5442
1017|3|24608|3012
1017|3|2340|939
1018|5|24624|5677
1018|4|24631|1368
1018|5|24632|5680
1018|5|24633|2677
1018|5|24640|5678
1018|3|24641|5678
1018|5|24642|5678
1018|5|24643|5678
1018|5|24644|5678
1021|5|24667|4943
1021|5|24668|4943
1021|5|24669|5690
1021|4|24670|49
1021|5|2388|370
1021|5|24671|370
1021|4|24672|370
1021|5|8266|370
1021|4|2384|370
1021|5|24675|5691
1021|5|24676|5691
1021|4|24678|368
1021|5|24679|68
1021|5|2255|68
1021|5|20067|49
1021|5|13156|8
1021|5|222|8
1021|4|24683|368
1021|5|14167|329
1021|5|23711|329
1021|4|16820|368
1021|5|7532|368
1021|5|7445|368
1021|5|24687|368
1021|5|6549|368
1021|5|24690|535
1021|5|24691|535
1021|5|24692|535
1021|5|4681|535
1021|5|24694|5290
1021|5|24695|5290
1021|5|24696|1363
1023|4|6670|665
1023|4|10757|1360
1023|4|17734|4430
1023|3|17772|254
1024|5|24736|252
1024|5|24774|5707
1025|4|24783|5708
1025|3|24789|5710
1025|5|24793|5712
1025|5|24794|5713
1025|4|17735|2343
1025|4|24795|5714
1025|5|24796|1072
1025|4|24799|8
1025|5|4863|8
1025|4|24801|5715
1025|4|24802|5716
1025|5|24804|5716
1025|5|24805|5716
1025|5|24806|5716
1025|1|24810|2288
1025|3|7565|2288
1025|4|24813|1487
1025|2|4905|1487
1025|4|4906|1487
1025|4|13411|8
1025|5|24820|5718
1026|4|24828|882
1027|4|21188|414
1027|5|24833|3576
1030|5|24871|5727
1030|1|24872|5728
1030|5|24874|308
1030|1|24875|34
1031|5|24887|34
1032|1|24903|2278
1033|5|2319|931
1033|5|24928|5738
1033|5|24932|8
1034|5|24935|1430
1034|5|8314|1430
1035|5|24941|3937
1035|5|24950|170
1035|5|24980|4505
1035|4|24981|1055
1035|4|24982|1055
1037|5|25024|882
1037|5|25034|972
1037|4|25035|575
1037|5|25038|575
1037|3|25040|876
1037|2|7479|876
1038|5|25060|285
1038|4|25064|3587
1038|5|25068|285
1038|5|25069|1525
1038|5|25073|599
1038|5|25076|2966
1038|5|25077|599
1038|5|6545|599
1038|5|25080|5769
1038|5|25081|5769
1038|4|25082|4515
1038|5|25087|437
1038|5|25088|437
1038|5|4336|1444
1038|5|3|1
1038|5|25095|1132
1038|4|25097|649
1040|5|25105|303
1040|4|25107|518
1040|5|4096|518
1040|4|2999|518
1041|5|6051|34
1041|5|25110|8
1041|5|894|8
1043|4|25127|5778
1043|4|14262|193
1044|5|14264|193
1044|5|17700|193
1045|5|25165|1915
1046|5|25172|271
1046|5|1083|272
1046|4|11806|272
1046|5|25200|3209
1046|5|1815|149
1048|4|25213|162
1048|5|25220|337
1048|1|8823|34
1048|5|25222|34
1049|5|25251|929
1049|5|25253|386
1049|5|1175|386
1049|5|9094|929
1049|5|9097|929
1049|5|25259|518
1050|5|24676|5691
1050|3|25280|958
1050|5|2255|68
1050|3|24687|368
1050|5|16820|368
1050|4|25283|2127
1051|5|25294|5802
1051|5|25295|5802
1051|5|25296|5802
1051|4|25297|5802
1051|4|25298|5802
1051|3|25299|5802
1051|5|25300|4715
1051|3|25301|4715
1051|4|25302|2567
1051|5|25307|123
1051|5|5217|123
1051|5|25314|447
1051|5|6342|447
1051|1|25317|227
1051|5|25318|227
1051|5|25319|2595
1051|5|25321|1084
1051|5|25322|1084
1051|5|25323|1084
1051|4|6874|255
1051|3|25327|255
1051|4|6867|255
1051|5|6868|255
1051|4|25329|227
1051|5|25333|227
1055|5|25366|557
1055|5|25374|2356
1055|5|25375|2356
1058|5|25423|5821
1058|4|25424|5821
1058|5|25431|8
1058|1|25432|8
1058|4|5253|8
1058|3|25433|8
1058|5|377|8
1058|5|25441|8
1062|5|25480|2158
1062|4|25481|2158
1062|4|6856|313
1062|3|25486|98
1062|4|22670|98
1062|5|8473|1235
1062|4|8218|1634
1062|4|9656|35
1062|4|25495|5347
1062|5|25496|1915
1062|5|25498|5827
1062|2|25499|227
1062|4|431|227
1062|4|19717|58
1062|5|11348|313
1062|5|25504|2084
1062|5|7511|2273
1062|4|25505|58
1062|3|25507|1696
1062|5|25508|1696
1062|4|25509|1696
1062|5|25510|1696
1062|4|25511|1696
1063|5|25513|4499
1063|5|1838|34
1063|5|7490|1696
1063|5|25525|4033
1063|2|25537|5422
1063|4|25538|3322
1064|5|25549|953
1064|5|15409|3407
1064|5|15404|2747
1064|5|25551|3978
1064|5|1390|34
1064|5|1529|34
1064|5|1838|34
1064|5|2912|34
1064|5|25552|985
1064|4|25553|985
1064|5|25554|2747
1064|4|25555|2747
1064|5|25556|2747
1064|5|25557|4493
1064|5|25559|985
1064|4|25560|985
1064|4|18568|34
1064|5|977|34
1064|1|20720|34
1064|5|6051|34
1064|5|6600|34
1065|5|25566|391
1066|4|25574|2930
1067|5|25579|2308
1067|5|25581|306
1067|5|25585|2234
1067|5|25586|2234
1067|4|25587|2234
1067|4|25588|2234
1067|5|25589|522
1067|3|25592|5836
1067|5|25596|149
1067|5|25598|162
1067|5|3923|162
1067|5|3919|1378
1067|5|25602|5839
1068|4|25613|1066
1068|3|25614|1772
1068|5|25616|185
1068|5|11955|8
1068|5|25621|8
1068|5|25623|330
1068|5|25624|330
1068|5|25627|185
1068|5|17059|185
1069|5|25630|1407
1069|5|25631|47
1069|3|25632|2486
1069|5|25635|5843
1069|5|3727|314
1070|5|25648|68
1070|5|25653|175
1071|3|2257|45
1071|4|25662|2595
1071|3|25663|2595
1071|5|23784|2595
1071|5|2253|68
1071|3|23033|170
1071|5|5217|594
1071|5|1083|272
1073|4|25720|846
1073|5|25738|1310
1073|3|20360|2067
1073|3|25741|765
1074|5|25749|841
1074|5|25750|841
1074|5|13483|841
1074|5|25755|5566
1074|5|25756|304
1074|4|25758|707
1074|5|25760|1122
1074|4|25761|344
1074|4|25762|114
1074|4|25763|114
1074|5|15603|4016
1074|5|25768|4016
1074|5|25773|118
1074|5|25788|1401
1074|4|25789|1401
1075|3|25800|557
1075|4|25804|283
1075|5|25807|4357
1075|5|3666|525
1075|5|25810|727
1076|5|25825|1761
1076|4|25826|5864
1076|4|25828|5864
1076|4|25829|5865
1076|5|25830|5866
1076|5|25832|570
1076|5|950|274
1076|4|25833|570
1076|5|25834|570
1076|5|12002|274
1076|3|10076|274
1076|2|25845|274
1076|5|1115|274
1076|2|25846|272
1076|4|942|272
1076|5|21831|272
1076|4|11806|272
1078|4|25859|265
1078|3|25862|215
1078|4|22386|215
1078|5|16823|368
1078|4|7446|368
1078|3|25879|2256
1078|5|25890|566
1080|5|14439|1332
1080|4|25916|1
1080|5|3|1
1080|5|21337|199
1080|5|2392|170
1080|5|25937|2016
1080|2|25940|941
1080|5|25944|552
1081|3|25950|2277
1081|4|25951|2277
1082|5|25979|2884
1082|5|25981|2884
1082|5|15708|311
1082|4|25982|311
1082|5|25994|2884
1084|2|26009|5885
1084|5|26010|5885
1084|5|26011|5885
1085|3|26031|4149
1085|5|26032|4149
1085|4|26033|4149
1085|4|6270|63
1085|4|3616|346
1085|3|22405|63
1085|5|26037|63
1085|4|26038|63
1085|5|10669|1549
1085|4|26043|5890
1085|4|26045|690
1085|4|3642|4
1085|5|21874|4151
1085|4|26060|529
1085|4|26061|5893
1086|5|26068|5894
1086|3|26069|5894
1086|4|26070|2117
1086|5|26072|2117
1086|5|26079|1407
1086|5|26080|1407
1086|5|26081|1407
1086|4|26084|5896
1086|5|26086|5898
1086|5|3640|4
1087|5|23780|34
1087|5|26106|34
1087|4|22338|2316
1091|5|1335|170
1091|5|26149|170
1091|5|26151|2392
1091|4|17406|2502
1091|5|1529|34
1091|4|1838|34
1091|5|26157|34
1091|3|26165|357
1092|4|26169|189
1092|5|26175|5909
1092|5|2298|925
1092|2|9382|925
1092|5|3773|467
1092|4|26181|5911
1092|5|26183|1231
1093|5|18608|53
1093|5|21617|2091
1093|4|2183|876
1093|4|2181|876
1093|5|26216|2698
1093|5|26217|5916
1093|5|26218|5917
1093|5|26219|2186
1093|4|26220|3308
1093|4|26221|2028
1093|5|26222|753
1093|4|26223|1387
1093|4|26224|1387
1093|2|26225|2
1093|4|26228|891
1094|5|1364|34
1095|3|26237|5919
1097|5|26247|725
1097|5|26249|431
1097|5|26250|431
1097|5|26251|431
1097|5|3610|431
1097|5|15515|431
1098|3|26260|1872
1098|5|26263|717
1098|1|6363|11
1098|1|26269|128
1098|2|26271|128
1098|1|26293|170
1098|2|1335|170
